"DATA.TYPE","YEAR","ICPR.STATE.CODE","STATE.NAME","variable","value"
"S",850,1,"CONNECTICUT","X850SLAVE.FEMALES.00.01.UNDER.01.",NA
"S",850,2,"MAINE","X850SLAVE.FEMALES.00.01.UNDER.01.",NA
"S",850,3,"MASSACHUSETTS","X850SLAVE.FEMALES.00.01.UNDER.01.",NA
"S",850,4,"NEW HAMPSHIRE","X850SLAVE.FEMALES.00.01.UNDER.01.",NA
"S",850,5,"RHODE ISLAND","X850SLAVE.FEMALES.00.01.UNDER.01.",NA
"S",850,6,"VERMONT","X850SLAVE.FEMALES.00.01.UNDER.01.",NA
"S",850,11,"DELAWARE","X850SLAVE.FEMALES.00.01.UNDER.01.",32
"S",850,12,"NEW JERSEY","X850SLAVE.FEMALES.00.01.UNDER.01.",0
"S",850,13,"NEW YORK","X850SLAVE.FEMALES.00.01.UNDER.01.",NA
"S",850,14,"PENNSYLVANIA","X850SLAVE.FEMALES.00.01.UNDER.01.",NA
"S",850,21,"ILLINOIS","X850SLAVE.FEMALES.00.01.UNDER.01.",NA
"S",850,22,"INDIANA","X850SLAVE.FEMALES.00.01.UNDER.01.",NA
"S",850,23,"MICHIGAN","X850SLAVE.FEMALES.00.01.UNDER.01.",NA
"S",850,24,"OHIO","X850SLAVE.FEMALES.00.01.UNDER.01.",NA
"S",850,25,"WISCONSIN","X850SLAVE.FEMALES.00.01.UNDER.01.",NA
"S",850,31,"IOWA","X850SLAVE.FEMALES.00.01.UNDER.01.",NA
"S",850,33,"MINNESOTA","X850SLAVE.FEMALES.00.01.UNDER.01.",NA
"S",850,34,"MISSOURI","X850SLAVE.FEMALES.00.01.UNDER.01.",1334
"S",850,40,"VIRGINIA","X850SLAVE.FEMALES.00.01.UNDER.01.",5814
"S",850,41,"ALABAMA","X850SLAVE.FEMALES.00.01.UNDER.01.",4118
"S",850,42,"ARKANSAS","X850SLAVE.FEMALES.00.01.UNDER.01.",619
"S",850,43,"FLORIDA","X850SLAVE.FEMALES.00.01.UNDER.01.",451
"S",850,44,"GEORGIA","X850SLAVE.FEMALES.00.01.UNDER.01.",4889
"S",850,45,"LOUISIANA","X850SLAVE.FEMALES.00.01.UNDER.01.",2591
"S",850,46,"MISSISSIPPI","X850SLAVE.FEMALES.00.01.UNDER.01.",3788
"S",850,47,"NORTH CAROLINA","X850SLAVE.FEMALES.00.01.UNDER.01.",4064
"S",850,48,"SOUTH CAROLINA","X850SLAVE.FEMALES.00.01.UNDER.01.",4744
"S",850,49,"TEXAS","X850SLAVE.FEMALES.00.01.UNDER.01.",724
"S",850,51,"KENTUCKY","X850SLAVE.FEMALES.00.01.UNDER.01.",3245
"S",850,52,"MARYLAND","X850SLAVE.FEMALES.00.01.UNDER.01.",1203
"S",850,54,"TENNESSEE","X850SLAVE.FEMALES.00.01.UNDER.01.",3609
"S",850,71,"CALIFORNIA","X850SLAVE.FEMALES.00.01.UNDER.01.",NA
"S",850,1,"CONNECTICUT","X850SLAVE.FEMALES.01.04",NA
"S",850,2,"MAINE","X850SLAVE.FEMALES.01.04",NA
"S",850,3,"MASSACHUSETTS","X850SLAVE.FEMALES.01.04",NA
"S",850,4,"NEW HAMPSHIRE","X850SLAVE.FEMALES.01.04",NA
"S",850,5,"RHODE ISLAND","X850SLAVE.FEMALES.01.04",NA
"S",850,6,"VERMONT","X850SLAVE.FEMALES.01.04",NA
"S",850,11,"DELAWARE","X850SLAVE.FEMALES.01.04",148
"S",850,12,"NEW JERSEY","X850SLAVE.FEMALES.01.04",0
"S",850,13,"NEW YORK","X850SLAVE.FEMALES.01.04",NA
"S",850,14,"PENNSYLVANIA","X850SLAVE.FEMALES.01.04",NA
"S",850,21,"ILLINOIS","X850SLAVE.FEMALES.01.04",NA
"S",850,22,"INDIANA","X850SLAVE.FEMALES.01.04",NA
"S",850,23,"MICHIGAN","X850SLAVE.FEMALES.01.04",NA
"S",850,24,"OHIO","X850SLAVE.FEMALES.01.04",NA
"S",850,25,"WISCONSIN","X850SLAVE.FEMALES.01.04",NA
"S",850,31,"IOWA","X850SLAVE.FEMALES.01.04",NA
"S",850,33,"MINNESOTA","X850SLAVE.FEMALES.01.04",NA
"S",850,34,"MISSOURI","X850SLAVE.FEMALES.01.04",6684
"S",850,40,"VIRGINIA","X850SLAVE.FEMALES.01.04",32687
"S",850,41,"ALABAMA","X850SLAVE.FEMALES.01.04",25687
"S",850,42,"ARKANSAS","X850SLAVE.FEMALES.01.04",3573
"S",850,43,"FLORIDA","X850SLAVE.FEMALES.01.04",2918
"S",850,44,"GEORGIA","X850SLAVE.FEMALES.01.04",28070
"S",850,45,"LOUISIANA","X850SLAVE.FEMALES.01.04",14814
"S",850,46,"MISSISSIPPI","X850SLAVE.FEMALES.01.04",23417
"S",850,47,"NORTH CAROLINA","X850SLAVE.FEMALES.01.04",22043
"S",850,48,"SOUTH CAROLINA","X850SLAVE.FEMALES.01.04",28229
"S",850,49,"TEXAS","X850SLAVE.FEMALES.01.04",4366
"S",850,51,"KENTUCKY","X850SLAVE.FEMALES.01.04",15311
"S",850,52,"MARYLAND","X850SLAVE.FEMALES.01.04",5931
"S",850,54,"TENNESSEE","X850SLAVE.FEMALES.01.04",18075
"S",850,71,"CALIFORNIA","X850SLAVE.FEMALES.01.04",NA
"S",850,1,"CONNECTICUT","X850SLAVE.FEMALES.05.09",NA
"S",850,2,"MAINE","X850SLAVE.FEMALES.05.09",NA
"S",850,3,"MASSACHUSETTS","X850SLAVE.FEMALES.05.09",NA
"S",850,4,"NEW HAMPSHIRE","X850SLAVE.FEMALES.05.09",NA
"S",850,5,"RHODE ISLAND","X850SLAVE.FEMALES.05.09",NA
"S",850,6,"VERMONT","X850SLAVE.FEMALES.05.09",NA
"S",850,11,"DELAWARE","X850SLAVE.FEMALES.05.09",178
"S",850,12,"NEW JERSEY","X850SLAVE.FEMALES.05.09",2
"S",850,13,"NEW YORK","X850SLAVE.FEMALES.05.09",NA
"S",850,14,"PENNSYLVANIA","X850SLAVE.FEMALES.05.09",NA
"S",850,21,"ILLINOIS","X850SLAVE.FEMALES.05.09",NA
"S",850,22,"INDIANA","X850SLAVE.FEMALES.05.09",NA
"S",850,23,"MICHIGAN","X850SLAVE.FEMALES.05.09",NA
"S",850,24,"OHIO","X850SLAVE.FEMALES.05.09",NA
"S",850,25,"WISCONSIN","X850SLAVE.FEMALES.05.09",NA
"S",850,31,"IOWA","X850SLAVE.FEMALES.05.09",NA
"S",850,33,"MINNESOTA","X850SLAVE.FEMALES.05.09",NA
"S",850,34,"MISSOURI","X850SLAVE.FEMALES.05.09",6845
"S",850,40,"VIRGINIA","X850SLAVE.FEMALES.05.09",34897
"S",850,41,"ALABAMA","X850SLAVE.FEMALES.05.09",25671
"S",850,42,"ARKANSAS","X850SLAVE.FEMALES.05.09",3546
"S",850,43,"FLORIDA","X850SLAVE.FEMALES.05.09",2874
"S",850,44,"GEORGIA","X850SLAVE.FEMALES.05.09",28711
"S",850,45,"LOUISIANA","X850SLAVE.FEMALES.05.09",15009
"S",850,46,"MISSISSIPPI","X850SLAVE.FEMALES.05.09",23106
"S",850,47,"NORTH CAROLINA","X850SLAVE.FEMALES.05.09",23536
"S",850,48,"SOUTH CAROLINA","X850SLAVE.FEMALES.05.09",28131
"S",850,49,"TEXAS","X850SLAVE.FEMALES.05.09",4504
"S",850,51,"KENTUCKY","X850SLAVE.FEMALES.05.09",16828
"S",850,52,"MARYLAND","X850SLAVE.FEMALES.05.09",6712
"S",850,54,"TENNESSEE","X850SLAVE.FEMALES.05.09",19087
"S",850,71,"CALIFORNIA","X850SLAVE.FEMALES.05.09",NA
"S",850,1,"CONNECTICUT","X850SLAVE.FEMALES.10.14",NA
"S",850,2,"MAINE","X850SLAVE.FEMALES.10.14",NA
"S",850,3,"MASSACHUSETTS","X850SLAVE.FEMALES.10.14",NA
"S",850,4,"NEW HAMPSHIRE","X850SLAVE.FEMALES.10.14",NA
"S",850,5,"RHODE ISLAND","X850SLAVE.FEMALES.10.14",NA
"S",850,6,"VERMONT","X850SLAVE.FEMALES.10.14",NA
"S",850,11,"DELAWARE","X850SLAVE.FEMALES.10.14",194
"S",850,12,"NEW JERSEY","X850SLAVE.FEMALES.10.14",2
"S",850,13,"NEW YORK","X850SLAVE.FEMALES.10.14",NA
"S",850,14,"PENNSYLVANIA","X850SLAVE.FEMALES.10.14",NA
"S",850,21,"ILLINOIS","X850SLAVE.FEMALES.10.14",NA
"S",850,22,"INDIANA","X850SLAVE.FEMALES.10.14",NA
"S",850,23,"MICHIGAN","X850SLAVE.FEMALES.10.14",NA
"S",850,24,"OHIO","X850SLAVE.FEMALES.10.14",NA
"S",850,25,"WISCONSIN","X850SLAVE.FEMALES.10.14",NA
"S",850,31,"IOWA","X850SLAVE.FEMALES.10.14",NA
"S",850,33,"MINNESOTA","X850SLAVE.FEMALES.10.14",NA
"S",850,34,"MISSOURI","X850SLAVE.FEMALES.10.14",6358
"S",850,40,"VIRGINIA","X850SLAVE.FEMALES.10.14",32331
"S",850,41,"ALABAMA","X850SLAVE.FEMALES.10.14",22260
"S",850,42,"ARKANSAS","X850SLAVE.FEMALES.10.14",3179
"S",850,43,"FLORIDA","X850SLAVE.FEMALES.10.14",2442
"S",850,44,"GEORGIA","X850SLAVE.FEMALES.10.14",26749
"S",850,45,"LOUISIANA","X850SLAVE.FEMALES.10.14",13410
"S",850,46,"MISSISSIPPI","X850SLAVE.FEMALES.10.14",19812
"S",850,47,"NORTH CAROLINA","X850SLAVE.FEMALES.10.14",19860
"S",850,48,"SOUTH CAROLINA","X850SLAVE.FEMALES.10.14",24825
"S",850,49,"TEXAS","X850SLAVE.FEMALES.10.14",4091
"S",850,51,"KENTUCKY","X850SLAVE.FEMALES.10.14",15203
"S",850,52,"MARYLAND","X850SLAVE.FEMALES.10.14",6400
"S",850,54,"TENNESSEE","X850SLAVE.FEMALES.10.14",17252
"S",850,71,"CALIFORNIA","X850SLAVE.FEMALES.10.14",NA
"S",850,1,"CONNECTICUT","X850SLAVE.FEMALES.15.19",NA
"S",850,2,"MAINE","X850SLAVE.FEMALES.15.19",NA
"S",850,3,"MASSACHUSETTS","X850SLAVE.FEMALES.15.19",NA
"S",850,4,"NEW HAMPSHIRE","X850SLAVE.FEMALES.15.19",NA
"S",850,5,"RHODE ISLAND","X850SLAVE.FEMALES.15.19",NA
"S",850,6,"VERMONT","X850SLAVE.FEMALES.15.19",NA
"S",850,11,"DELAWARE","X850SLAVE.FEMALES.15.19",151
"S",850,12,"NEW JERSEY","X850SLAVE.FEMALES.15.19",2
"S",850,13,"NEW YORK","X850SLAVE.FEMALES.15.19",NA
"S",850,14,"PENNSYLVANIA","X850SLAVE.FEMALES.15.19",NA
"S",850,21,"ILLINOIS","X850SLAVE.FEMALES.15.19",NA
"S",850,22,"INDIANA","X850SLAVE.FEMALES.15.19",NA
"S",850,23,"MICHIGAN","X850SLAVE.FEMALES.15.19",NA
"S",850,24,"OHIO","X850SLAVE.FEMALES.15.19",NA
"S",850,25,"WISCONSIN","X850SLAVE.FEMALES.15.19",NA
"S",850,31,"IOWA","X850SLAVE.FEMALES.15.19",NA
"S",850,33,"MINNESOTA","X850SLAVE.FEMALES.15.19",NA
"S",850,34,"MISSOURI","X850SLAVE.FEMALES.15.19",5400
"S",850,40,"VIRGINIA","X850SLAVE.FEMALES.15.19",24659
"S",850,41,"ALABAMA","X850SLAVE.FEMALES.15.19",19871
"S",850,42,"ARKANSAS","X850SLAVE.FEMALES.15.19",2765
"S",850,43,"FLORIDA","X850SLAVE.FEMALES.15.19",2087
"S",850,44,"GEORGIA","X850SLAVE.FEMALES.15.19",23072
"S",850,45,"LOUISIANA","X850SLAVE.FEMALES.15.19",11799
"S",850,46,"MISSISSIPPI","X850SLAVE.FEMALES.15.19",17087
"S",850,47,"NORTH CAROLINA","X850SLAVE.FEMALES.15.19",15800
"S",850,48,"SOUTH CAROLINA","X850SLAVE.FEMALES.15.19",21875
"S",850,49,"TEXAS","X850SLAVE.FEMALES.15.19",3442
"S",850,51,"KENTUCKY","X850SLAVE.FEMALES.15.19",12695
"S",850,52,"MARYLAND","X850SLAVE.FEMALES.15.19",5466
"S",850,54,"TENNESSEE","X850SLAVE.FEMALES.15.19",14621
"S",850,71,"CALIFORNIA","X850SLAVE.FEMALES.15.19",NA
"S",850,1,"CONNECTICUT","X850SLAVE.FEMALES.20.29",NA
"S",850,2,"MAINE","X850SLAVE.FEMALES.20.29",NA
"S",850,3,"MASSACHUSETTS","X850SLAVE.FEMALES.20.29",NA
"S",850,4,"NEW HAMPSHIRE","X850SLAVE.FEMALES.20.29",NA
"S",850,5,"RHODE ISLAND","X850SLAVE.FEMALES.20.29",NA
"S",850,6,"VERMONT","X850SLAVE.FEMALES.20.29",NA
"S",850,11,"DELAWARE","X850SLAVE.FEMALES.20.29",243
"S",850,12,"NEW JERSEY","X850SLAVE.FEMALES.20.29",1
"S",850,13,"NEW YORK","X850SLAVE.FEMALES.20.29",NA
"S",850,14,"PENNSYLVANIA","X850SLAVE.FEMALES.20.29",NA
"S",850,21,"ILLINOIS","X850SLAVE.FEMALES.20.29",NA
"S",850,22,"INDIANA","X850SLAVE.FEMALES.20.29",NA
"S",850,23,"MICHIGAN","X850SLAVE.FEMALES.20.29",NA
"S",850,24,"OHIO","X850SLAVE.FEMALES.20.29",NA
"S",850,25,"WISCONSIN","X850SLAVE.FEMALES.20.29",NA
"S",850,31,"IOWA","X850SLAVE.FEMALES.20.29",NA
"S",850,33,"MINNESOTA","X850SLAVE.FEMALES.20.29",NA
"S",850,34,"MISSOURI","X850SLAVE.FEMALES.20.29",7988
"S",850,40,"VIRGINIA","X850SLAVE.FEMALES.20.29",36974
"S",850,41,"ALABAMA","X850SLAVE.FEMALES.20.29",31208
"S",850,42,"ARKANSAS","X850SLAVE.FEMALES.20.29",4684
"S",850,43,"FLORIDA","X850SLAVE.FEMALES.20.29",3681
"S",850,44,"GEORGIA","X850SLAVE.FEMALES.20.29",34590
"S",850,45,"LOUISIANA","X850SLAVE.FEMALES.20.29",23971
"S",850,46,"MISSISSIPPI","X850SLAVE.FEMALES.20.29",30021
"S",850,47,"NORTH CAROLINA","X850SLAVE.FEMALES.20.29",23536
"S",850,48,"SOUTH CAROLINA","X850SLAVE.FEMALES.20.29",33472
"S",850,49,"TEXAS","X850SLAVE.FEMALES.20.29",5683
"S",850,51,"KENTUCKY","X850SLAVE.FEMALES.20.29",17627
"S",850,52,"MARYLAND","X850SLAVE.FEMALES.20.29",7443
"S",850,54,"TENNESSEE","X850SLAVE.FEMALES.20.29",21064
"S",850,71,"CALIFORNIA","X850SLAVE.FEMALES.20.29",NA
"S",850,1,"CONNECTICUT","X850SLAVE.FEMALES.30.39",NA
"S",850,2,"MAINE","X850SLAVE.FEMALES.30.39",NA
"S",850,3,"MASSACHUSETTS","X850SLAVE.FEMALES.30.39",NA
"S",850,4,"NEW HAMPSHIRE","X850SLAVE.FEMALES.30.39",NA
"S",850,5,"RHODE ISLAND","X850SLAVE.FEMALES.30.39",NA
"S",850,6,"VERMONT","X850SLAVE.FEMALES.30.39",NA
"S",850,11,"DELAWARE","X850SLAVE.FEMALES.30.39",84
"S",850,12,"NEW JERSEY","X850SLAVE.FEMALES.30.39",0
"S",850,13,"NEW YORK","X850SLAVE.FEMALES.30.39",NA
"S",850,14,"PENNSYLVANIA","X850SLAVE.FEMALES.30.39",NA
"S",850,21,"ILLINOIS","X850SLAVE.FEMALES.30.39",NA
"S",850,22,"INDIANA","X850SLAVE.FEMALES.30.39",NA
"S",850,23,"MICHIGAN","X850SLAVE.FEMALES.30.39",NA
"S",850,24,"OHIO","X850SLAVE.FEMALES.30.39",NA
"S",850,25,"WISCONSIN","X850SLAVE.FEMALES.30.39",NA
"S",850,31,"IOWA","X850SLAVE.FEMALES.30.39",NA
"S",850,33,"MINNESOTA","X850SLAVE.FEMALES.30.39",NA
"S",850,34,"MISSOURI","X850SLAVE.FEMALES.30.39",4300
"S",850,40,"VIRGINIA","X850SLAVE.FEMALES.30.39",24240
"S",850,41,"ALABAMA","X850SLAVE.FEMALES.30.39",19514
"S",850,42,"ARKANSAS","X850SLAVE.FEMALES.30.39",2612
"S",850,43,"FLORIDA","X850SLAVE.FEMALES.30.39",2312
"S",850,44,"GEORGIA","X850SLAVE.FEMALES.30.39",20427
"S",850,45,"LOUISIANA","X850SLAVE.FEMALES.30.39",18415
"S",850,46,"MISSISSIPPI","X850SLAVE.FEMALES.30.39",18986
"S",850,47,"NORTH CAROLINA","X850SLAVE.FEMALES.30.39",13927
"S",850,48,"SOUTH CAROLINA","X850SLAVE.FEMALES.30.39",22938
"S",850,49,"TEXAS","X850SLAVE.FEMALES.30.39",3449
"S",850,51,"KENTUCKY","X850SLAVE.FEMALES.30.39",10422
"S",850,52,"MARYLAND","X850SLAVE.FEMALES.30.39",4500
"S",850,54,"TENNESSEE","X850SLAVE.FEMALES.30.39",11984
"S",850,71,"CALIFORNIA","X850SLAVE.FEMALES.30.39",NA
"S",850,1,"CONNECTICUT","X850SLAVE.FEMALES.40.49",NA
"S",850,2,"MAINE","X850SLAVE.FEMALES.40.49",NA
"S",850,3,"MASSACHUSETTS","X850SLAVE.FEMALES.40.49",NA
"S",850,4,"NEW HAMPSHIRE","X850SLAVE.FEMALES.40.49",NA
"S",850,5,"RHODE ISLAND","X850SLAVE.FEMALES.40.49",NA
"S",850,6,"VERMONT","X850SLAVE.FEMALES.40.49",NA
"S",850,11,"DELAWARE","X850SLAVE.FEMALES.40.49",43
"S",850,12,"NEW JERSEY","X850SLAVE.FEMALES.40.49",9
"S",850,13,"NEW YORK","X850SLAVE.FEMALES.40.49",NA
"S",850,14,"PENNSYLVANIA","X850SLAVE.FEMALES.40.49",NA
"S",850,21,"ILLINOIS","X850SLAVE.FEMALES.40.49",NA
"S",850,22,"INDIANA","X850SLAVE.FEMALES.40.49",NA
"S",850,23,"MICHIGAN","X850SLAVE.FEMALES.40.49",NA
"S",850,24,"OHIO","X850SLAVE.FEMALES.40.49",NA
"S",850,25,"WISCONSIN","X850SLAVE.FEMALES.40.49",NA
"S",850,31,"IOWA","X850SLAVE.FEMALES.40.49",NA
"S",850,33,"MINNESOTA","X850SLAVE.FEMALES.40.49",NA
"S",850,34,"MISSOURI","X850SLAVE.FEMALES.40.49",2779
"S",850,40,"VIRGINIA","X850SLAVE.FEMALES.40.49",17514
"S",850,41,"ALABAMA","X850SLAVE.FEMALES.40.49",11779
"S",850,42,"ARKANSAS","X850SLAVE.FEMALES.40.49",1421
"S",850,43,"FLORIDA","X850SLAVE.FEMALES.40.49",1340
"S",850,44,"GEORGIA","X850SLAVE.FEMALES.40.49",13006
"S",850,45,"LOUISIANA","X850SLAVE.FEMALES.40.49",10550
"S",850,46,"MISSISSIPPI","X850SLAVE.FEMALES.40.49",9933
"S",850,47,"NORTH CAROLINA","X850SLAVE.FEMALES.40.49",8631
"S",850,48,"SOUTH CAROLINA","X850SLAVE.FEMALES.40.49",14513
"S",850,49,"TEXAS","X850SLAVE.FEMALES.40.49",1878
"S",850,51,"KENTUCKY","X850SLAVE.FEMALES.40.49",7156
"S",850,52,"MARYLAND","X850SLAVE.FEMALES.40.49",2931
"S",850,54,"TENNESSEE","X850SLAVE.FEMALES.40.49",7115
"S",850,71,"CALIFORNIA","X850SLAVE.FEMALES.40.49",NA
"S",850,1,"CONNECTICUT","X850SLAVE.FEMALES.50.59",NA
"S",850,2,"MAINE","X850SLAVE.FEMALES.50.59",NA
"S",850,3,"MASSACHUSETTS","X850SLAVE.FEMALES.50.59",NA
"S",850,4,"NEW HAMPSHIRE","X850SLAVE.FEMALES.50.59",NA
"S",850,5,"RHODE ISLAND","X850SLAVE.FEMALES.50.59",NA
"S",850,6,"VERMONT","X850SLAVE.FEMALES.50.59",NA
"S",850,11,"DELAWARE","X850SLAVE.FEMALES.50.59",22
"S",850,12,"NEW JERSEY","X850SLAVE.FEMALES.50.59",38
"S",850,13,"NEW YORK","X850SLAVE.FEMALES.50.59",NA
"S",850,14,"PENNSYLVANIA","X850SLAVE.FEMALES.50.59",NA
"S",850,21,"ILLINOIS","X850SLAVE.FEMALES.50.59",NA
"S",850,22,"INDIANA","X850SLAVE.FEMALES.50.59",NA
"S",850,23,"MICHIGAN","X850SLAVE.FEMALES.50.59",NA
"S",850,24,"OHIO","X850SLAVE.FEMALES.50.59",NA
"S",850,25,"WISCONSIN","X850SLAVE.FEMALES.50.59",NA
"S",850,31,"IOWA","X850SLAVE.FEMALES.50.59",NA
"S",850,33,"MINNESOTA","X850SLAVE.FEMALES.50.59",NA
"S",850,34,"MISSOURI","X850SLAVE.FEMALES.50.59",1291
"S",850,40,"VIRGINIA","X850SLAVE.FEMALES.50.59",10850
"S",850,41,"ALABAMA","X850SLAVE.FEMALES.50.59",6030
"S",850,42,"ARKANSAS","X850SLAVE.FEMALES.50.59",580
"S",850,43,"FLORIDA","X850SLAVE.FEMALES.50.59",798
"S",850,44,"GEORGIA","X850SLAVE.FEMALES.50.59",6560
"S",850,45,"LOUISIANA","X850SLAVE.FEMALES.50.59",4864
"S",850,46,"MISSISSIPPI","X850SLAVE.FEMALES.50.59",4390
"S",850,47,"NORTH CAROLINA","X850SLAVE.FEMALES.50.59",6327
"S",850,48,"SOUTH CAROLINA","X850SLAVE.FEMALES.50.59",8750
"S",850,49,"TEXAS","X850SLAVE.FEMALES.50.59",829
"S",850,51,"KENTUCKY","X850SLAVE.FEMALES.50.59",3985
"S",850,52,"MARYLAND","X850SLAVE.FEMALES.50.59",1850
"S",850,54,"TENNESSEE","X850SLAVE.FEMALES.50.59",4468
"S",850,71,"CALIFORNIA","X850SLAVE.FEMALES.50.59",NA
"S",850,1,"CONNECTICUT","X850SLAVE.FEMALES.60.69",NA
"S",850,2,"MAINE","X850SLAVE.FEMALES.60.69",NA
"S",850,3,"MASSACHUSETTS","X850SLAVE.FEMALES.60.69",NA
"S",850,4,"NEW HAMPSHIRE","X850SLAVE.FEMALES.60.69",NA
"S",850,5,"RHODE ISLAND","X850SLAVE.FEMALES.60.69",NA
"S",850,6,"VERMONT","X850SLAVE.FEMALES.60.69",NA
"S",850,11,"DELAWARE","X850SLAVE.FEMALES.60.69",11
"S",850,12,"NEW JERSEY","X850SLAVE.FEMALES.60.69",42
"S",850,13,"NEW YORK","X850SLAVE.FEMALES.60.69",NA
"S",850,14,"PENNSYLVANIA","X850SLAVE.FEMALES.60.69",NA
"S",850,21,"ILLINOIS","X850SLAVE.FEMALES.60.69",NA
"S",850,22,"INDIANA","X850SLAVE.FEMALES.60.69",NA
"S",850,23,"MICHIGAN","X850SLAVE.FEMALES.60.69",NA
"S",850,24,"OHIO","X850SLAVE.FEMALES.60.69",NA
"S",850,25,"WISCONSIN","X850SLAVE.FEMALES.60.69",NA
"S",850,31,"IOWA","X850SLAVE.FEMALES.60.69",NA
"S",850,33,"MINNESOTA","X850SLAVE.FEMALES.60.69",NA
"S",850,34,"MISSOURI","X850SLAVE.FEMALES.60.69",632
"S",850,40,"VIRGINIA","X850SLAVE.FEMALES.60.69",6981
"S",850,41,"ALABAMA","X850SLAVE.FEMALES.60.69",3451
"S",850,42,"ARKANSAS","X850SLAVE.FEMALES.60.69",339
"S",850,43,"FLORIDA","X850SLAVE.FEMALES.60.69",397
"S",850,44,"GEORGIA","X850SLAVE.FEMALES.60.69",4544
"S",850,45,"LOUISIANA","X850SLAVE.FEMALES.60.69",2388
"S",850,46,"MISSISSIPPI","X850SLAVE.FEMALES.60.69",2839
"S",850,47,"NORTH CAROLINA","X850SLAVE.FEMALES.60.69",3606
"S",850,48,"SOUTH CAROLINA","X850SLAVE.FEMALES.60.69",5502
"S",850,49,"TEXAS","X850SLAVE.FEMALES.60.69",332
"S",850,51,"KENTUCKY","X850SLAVE.FEMALES.60.69",2123
"S",850,52,"MARYLAND","X850SLAVE.FEMALES.60.69",1175
"S",850,54,"TENNESSEE","X850SLAVE.FEMALES.60.69",2137
"S",850,71,"CALIFORNIA","X850SLAVE.FEMALES.60.69",NA
"S",850,1,"CONNECTICUT","X850SLAVE.FEMALES.70.79",NA
"S",850,2,"MAINE","X850SLAVE.FEMALES.70.79",NA
"S",850,3,"MASSACHUSETTS","X850SLAVE.FEMALES.70.79",NA
"S",850,4,"NEW HAMPSHIRE","X850SLAVE.FEMALES.70.79",NA
"S",850,5,"RHODE ISLAND","X850SLAVE.FEMALES.70.79",NA
"S",850,6,"VERMONT","X850SLAVE.FEMALES.70.79",NA
"S",850,11,"DELAWARE","X850SLAVE.FEMALES.70.79",7
"S",850,12,"NEW JERSEY","X850SLAVE.FEMALES.70.79",31
"S",850,13,"NEW YORK","X850SLAVE.FEMALES.70.79",NA
"S",850,14,"PENNSYLVANIA","X850SLAVE.FEMALES.70.79",NA
"S",850,21,"ILLINOIS","X850SLAVE.FEMALES.70.79",NA
"S",850,22,"INDIANA","X850SLAVE.FEMALES.70.79",NA
"S",850,23,"MICHIGAN","X850SLAVE.FEMALES.70.79",NA
"S",850,24,"OHIO","X850SLAVE.FEMALES.70.79",NA
"S",850,25,"WISCONSIN","X850SLAVE.FEMALES.70.79",NA
"S",850,31,"IOWA","X850SLAVE.FEMALES.70.79",NA
"S",850,33,"MINNESOTA","X850SLAVE.FEMALES.70.79",NA
"S",850,34,"MISSOURI","X850SLAVE.FEMALES.70.79",220
"S",850,40,"VIRGINIA","X850SLAVE.FEMALES.70.79",3264
"S",850,41,"ALABAMA","X850SLAVE.FEMALES.70.79",959
"S",850,42,"ARKANSAS","X850SLAVE.FEMALES.70.79",88
"S",850,43,"FLORIDA","X850SLAVE.FEMALES.70.79",126
"S",850,44,"GEORGIA","X850SLAVE.FEMALES.70.79",1430
"S",850,45,"LOUISIANA","X850SLAVE.FEMALES.70.79",771
"S",850,46,"MISSISSIPPI","X850SLAVE.FEMALES.70.79",727
"S",850,47,"NORTH CAROLINA","X850SLAVE.FEMALES.70.79",1665
"S",850,48,"SOUTH CAROLINA","X850SLAVE.FEMALES.70.79",2022
"S",850,49,"TEXAS","X850SLAVE.FEMALES.70.79",93
"S",850,51,"KENTUCKY","X850SLAVE.FEMALES.70.79",913
"S",850,52,"MARYLAND","X850SLAVE.FEMALES.70.79",510
"S",850,54,"TENNESSEE","X850SLAVE.FEMALES.70.79",833
"S",850,71,"CALIFORNIA","X850SLAVE.FEMALES.70.79",NA
"S",850,1,"CONNECTICUT","X850SLAVE.FEMALES.80.89",NA
"S",850,2,"MAINE","X850SLAVE.FEMALES.80.89",NA
"S",850,3,"MASSACHUSETTS","X850SLAVE.FEMALES.80.89",NA
"S",850,4,"NEW HAMPSHIRE","X850SLAVE.FEMALES.80.89",NA
"S",850,5,"RHODE ISLAND","X850SLAVE.FEMALES.80.89",NA
"S",850,6,"VERMONT","X850SLAVE.FEMALES.80.89",NA
"S",850,11,"DELAWARE","X850SLAVE.FEMALES.80.89",2
"S",850,12,"NEW JERSEY","X850SLAVE.FEMALES.80.89",7
"S",850,13,"NEW YORK","X850SLAVE.FEMALES.80.89",NA
"S",850,14,"PENNSYLVANIA","X850SLAVE.FEMALES.80.89",NA
"S",850,21,"ILLINOIS","X850SLAVE.FEMALES.80.89",NA
"S",850,22,"INDIANA","X850SLAVE.FEMALES.80.89",NA
"S",850,23,"MICHIGAN","X850SLAVE.FEMALES.80.89",NA
"S",850,24,"OHIO","X850SLAVE.FEMALES.80.89",NA
"S",850,25,"WISCONSIN","X850SLAVE.FEMALES.80.89",NA
"S",850,31,"IOWA","X850SLAVE.FEMALES.80.89",NA
"S",850,33,"MINNESOTA","X850SLAVE.FEMALES.80.89",NA
"S",850,34,"MISSOURI","X850SLAVE.FEMALES.80.89",65
"S",850,40,"VIRGINIA","X850SLAVE.FEMALES.80.89",1196
"S",850,41,"ALABAMA","X850SLAVE.FEMALES.80.89",338
"S",850,42,"ARKANSAS","X850SLAVE.FEMALES.80.89",24
"S",850,43,"FLORIDA","X850SLAVE.FEMALES.80.89",45
"S",850,44,"GEORGIA","X850SLAVE.FEMALES.80.89",519
"S",850,45,"LOUISIANA","X850SLAVE.FEMALES.80.89",225
"S",850,46,"MISSISSIPPI","X850SLAVE.FEMALES.80.89",243
"S",850,47,"NORTH CAROLINA","X850SLAVE.FEMALES.80.89",658
"S",850,48,"SOUTH CAROLINA","X850SLAVE.FEMALES.80.89",638
"S",850,49,"TEXAS","X850SLAVE.FEMALES.80.89",34
"S",850,51,"KENTUCKY","X850SLAVE.FEMALES.80.89",255
"S",850,52,"MARYLAND","X850SLAVE.FEMALES.80.89",196
"S",850,54,"TENNESSEE","X850SLAVE.FEMALES.80.89",287
"S",850,71,"CALIFORNIA","X850SLAVE.FEMALES.80.89",NA
"S",850,1,"CONNECTICUT","X850SLAVE.FEMALES.90.99",NA
"S",850,2,"MAINE","X850SLAVE.FEMALES.90.99",NA
"S",850,3,"MASSACHUSETTS","X850SLAVE.FEMALES.90.99",NA
"S",850,4,"NEW HAMPSHIRE","X850SLAVE.FEMALES.90.99",NA
"S",850,5,"RHODE ISLAND","X850SLAVE.FEMALES.90.99",NA
"S",850,6,"VERMONT","X850SLAVE.FEMALES.90.99",NA
"S",850,11,"DELAWARE","X850SLAVE.FEMALES.90.99",0
"S",850,12,"NEW JERSEY","X850SLAVE.FEMALES.90.99",5
"S",850,13,"NEW YORK","X850SLAVE.FEMALES.90.99",NA
"S",850,14,"PENNSYLVANIA","X850SLAVE.FEMALES.90.99",NA
"S",850,21,"ILLINOIS","X850SLAVE.FEMALES.90.99",NA
"S",850,22,"INDIANA","X850SLAVE.FEMALES.90.99",NA
"S",850,23,"MICHIGAN","X850SLAVE.FEMALES.90.99",NA
"S",850,24,"OHIO","X850SLAVE.FEMALES.90.99",NA
"S",850,25,"WISCONSIN","X850SLAVE.FEMALES.90.99",NA
"S",850,31,"IOWA","X850SLAVE.FEMALES.90.99",NA
"S",850,33,"MINNESOTA","X850SLAVE.FEMALES.90.99",NA
"S",850,34,"MISSOURI","X850SLAVE.FEMALES.90.99",25
"S",850,40,"VIRGINIA","X850SLAVE.FEMALES.90.99",334
"S",850,41,"ALABAMA","X850SLAVE.FEMALES.90.99",93
"S",850,42,"ARKANSAS","X850SLAVE.FEMALES.90.99",6
"S",850,43,"FLORIDA","X850SLAVE.FEMALES.90.99",21
"S",850,44,"GEORGIA","X850SLAVE.FEMALES.90.99",162
"S",850,45,"LOUISIANA","X850SLAVE.FEMALES.90.99",59
"S",850,46,"MISSISSIPPI","X850SLAVE.FEMALES.90.99",85
"S",850,47,"NORTH CAROLINA","X850SLAVE.FEMALES.90.99",202
"S",850,48,"SOUTH CAROLINA","X850SLAVE.FEMALES.90.99",200
"S",850,49,"TEXAS","X850SLAVE.FEMALES.90.99",12
"S",850,51,"KENTUCKY","X850SLAVE.FEMALES.90.99",94
"S",850,52,"MARYLAND","X850SLAVE.FEMALES.90.99",74
"S",850,54,"TENNESSEE","X850SLAVE.FEMALES.90.99",98
"S",850,71,"CALIFORNIA","X850SLAVE.FEMALES.90.99",NA
"S",850,1,"CONNECTICUT","X850SLAVE.FEMALES.99.AND.OVER",NA
"S",850,2,"MAINE","X850SLAVE.FEMALES.99.AND.OVER",NA
"S",850,3,"MASSACHUSETTS","X850SLAVE.FEMALES.99.AND.OVER",NA
"S",850,4,"NEW HAMPSHIRE","X850SLAVE.FEMALES.99.AND.OVER",NA
"S",850,5,"RHODE ISLAND","X850SLAVE.FEMALES.99.AND.OVER",NA
"S",850,6,"VERMONT","X850SLAVE.FEMALES.99.AND.OVER",NA
"S",850,11,"DELAWARE","X850SLAVE.FEMALES.99.AND.OVER",1
"S",850,12,"NEW JERSEY","X850SLAVE.FEMALES.99.AND.OVER",0
"S",850,13,"NEW YORK","X850SLAVE.FEMALES.99.AND.OVER",NA
"S",850,14,"PENNSYLVANIA","X850SLAVE.FEMALES.99.AND.OVER",NA
"S",850,21,"ILLINOIS","X850SLAVE.FEMALES.99.AND.OVER",NA
"S",850,22,"INDIANA","X850SLAVE.FEMALES.99.AND.OVER",NA
"S",850,23,"MICHIGAN","X850SLAVE.FEMALES.99.AND.OVER",NA
"S",850,24,"OHIO","X850SLAVE.FEMALES.99.AND.OVER",NA
"S",850,25,"WISCONSIN","X850SLAVE.FEMALES.99.AND.OVER",NA
"S",850,31,"IOWA","X850SLAVE.FEMALES.99.AND.OVER",NA
"S",850,33,"MINNESOTA","X850SLAVE.FEMALES.99.AND.OVER",NA
"S",850,34,"MISSOURI","X850SLAVE.FEMALES.99.AND.OVER",9
"S",850,40,"VIRGINIA","X850SLAVE.FEMALES.99.AND.OVER",184
"S",850,41,"ALABAMA","X850SLAVE.FEMALES.99.AND.OVER",61
"S",850,42,"ARKANSAS","X850SLAVE.FEMALES.99.AND.OVER",5
"S",850,43,"FLORIDA","X850SLAVE.FEMALES.99.AND.OVER",14
"S",850,44,"GEORGIA","X850SLAVE.FEMALES.99.AND.OVER",79
"S",850,45,"LOUISIANA","X850SLAVE.FEMALES.99.AND.OVER",66
"S",850,46,"MISSISSIPPI","X850SLAVE.FEMALES.99.AND.OVER",73
"S",850,47,"NORTH CAROLINA","X850SLAVE.FEMALES.99.AND.OVER",98
"S",850,48,"SOUTH CAROLINA","X850SLAVE.FEMALES.99.AND.OVER",86
"S",850,49,"TEXAS","X850SLAVE.FEMALES.99.AND.OVER",10
"S",850,51,"KENTUCKY","X850SLAVE.FEMALES.99.AND.OVER",53
"S",850,52,"MARYLAND","X850SLAVE.FEMALES.99.AND.OVER",31
"S",850,54,"TENNESSEE","X850SLAVE.FEMALES.99.AND.OVER",47
"S",850,71,"CALIFORNIA","X850SLAVE.FEMALES.99.AND.OVER",NA
"S",850,1,"CONNECTICUT","X850SLAVE.FEMALES.AGE.UKWN",NA
"S",850,2,"MAINE","X850SLAVE.FEMALES.AGE.UKWN",NA
"S",850,3,"MASSACHUSETTS","X850SLAVE.FEMALES.AGE.UKWN",NA
"S",850,4,"NEW HAMPSHIRE","X850SLAVE.FEMALES.AGE.UKWN",NA
"S",850,5,"RHODE ISLAND","X850SLAVE.FEMALES.AGE.UKWN",NA
"S",850,6,"VERMONT","X850SLAVE.FEMALES.AGE.UKWN",NA
"S",850,11,"DELAWARE","X850SLAVE.FEMALES.AGE.UKWN",0
"S",850,12,"NEW JERSEY","X850SLAVE.FEMALES.AGE.UKWN",1
"S",850,13,"NEW YORK","X850SLAVE.FEMALES.AGE.UKWN",NA
"S",850,14,"PENNSYLVANIA","X850SLAVE.FEMALES.AGE.UKWN",NA
"S",850,21,"ILLINOIS","X850SLAVE.FEMALES.AGE.UKWN",NA
"S",850,22,"INDIANA","X850SLAVE.FEMALES.AGE.UKWN",NA
"S",850,23,"MICHIGAN","X850SLAVE.FEMALES.AGE.UKWN",NA
"S",850,24,"OHIO","X850SLAVE.FEMALES.AGE.UKWN",NA
"S",850,25,"WISCONSIN","X850SLAVE.FEMALES.AGE.UKWN",NA
"S",850,31,"IOWA","X850SLAVE.FEMALES.AGE.UKWN",NA
"S",850,33,"MINNESOTA","X850SLAVE.FEMALES.AGE.UKWN",NA
"S",850,34,"MISSOURI","X850SLAVE.FEMALES.AGE.UKWN",8
"S",850,40,"VIRGINIA","X850SLAVE.FEMALES.AGE.UKWN",41
"S",850,41,"ALABAMA","X850SLAVE.FEMALES.AGE.UKWN",0
"S",850,42,"ARKANSAS","X850SLAVE.FEMALES.AGE.UKWN",1
"S",850,43,"FLORIDA","X850SLAVE.FEMALES.AGE.UKWN",0
"S",850,44,"GEORGIA","X850SLAVE.FEMALES.AGE.UKWN",17
"S",850,45,"LOUISIANA","X850SLAVE.FEMALES.AGE.UKWN",3
"S",850,46,"MISSISSIPPI","X850SLAVE.FEMALES.AGE.UKWN",119
"S",850,47,"NORTH CAROLINA","X850SLAVE.FEMALES.AGE.UKWN",14
"S",850,48,"SOUTH CAROLINA","X850SLAVE.FEMALES.AGE.UKWN",1303
"S",850,49,"TEXAS","X850SLAVE.FEMALES.AGE.UKWN",14
"S",850,51,"KENTUCKY","X850SLAVE.FEMALES.AGE.UKWN",8
"S",850,52,"MARYLAND","X850SLAVE.FEMALES.AGE.UKWN",2
"S",850,54,"TENNESSEE","X850SLAVE.FEMALES.AGE.UKWN",2
"S",850,71,"CALIFORNIA","X850SLAVE.FEMALES.AGE.UKWN",NA
"S",850,1,"CONNECTICUT","X850SLAVE.MALES.00.01.UNDER.01.",NA
"S",850,2,"MAINE","X850SLAVE.MALES.00.01.UNDER.01.",NA
"S",850,3,"MASSACHUSETTS","X850SLAVE.MALES.00.01.UNDER.01.",NA
"S",850,4,"NEW HAMPSHIRE","X850SLAVE.MALES.00.01.UNDER.01.",NA
"S",850,5,"RHODE ISLAND","X850SLAVE.MALES.00.01.UNDER.01.",NA
"S",850,6,"VERMONT","X850SLAVE.MALES.00.01.UNDER.01.",NA
"S",850,11,"DELAWARE","X850SLAVE.MALES.00.01.UNDER.01.",27
"S",850,12,"NEW JERSEY","X850SLAVE.MALES.00.01.UNDER.01.",0
"S",850,13,"NEW YORK","X850SLAVE.MALES.00.01.UNDER.01.",NA
"S",850,14,"PENNSYLVANIA","X850SLAVE.MALES.00.01.UNDER.01.",NA
"S",850,21,"ILLINOIS","X850SLAVE.MALES.00.01.UNDER.01.",NA
"S",850,22,"INDIANA","X850SLAVE.MALES.00.01.UNDER.01.",NA
"S",850,23,"MICHIGAN","X850SLAVE.MALES.00.01.UNDER.01.",NA
"S",850,24,"OHIO","X850SLAVE.MALES.00.01.UNDER.01.",NA
"S",850,25,"WISCONSIN","X850SLAVE.MALES.00.01.UNDER.01.",NA
"S",850,31,"IOWA","X850SLAVE.MALES.00.01.UNDER.01.",NA
"S",850,33,"MINNESOTA","X850SLAVE.MALES.00.01.UNDER.01.",NA
"S",850,34,"MISSOURI","X850SLAVE.MALES.00.01.UNDER.01.",1365
"S",850,40,"VIRGINIA","X850SLAVE.MALES.00.01.UNDER.01.",5341
"S",850,41,"ALABAMA","X850SLAVE.MALES.00.01.UNDER.01.",3992
"S",850,42,"ARKANSAS","X850SLAVE.MALES.00.01.UNDER.01.",540
"S",850,43,"FLORIDA","X850SLAVE.MALES.00.01.UNDER.01.",463
"S",850,44,"GEORGIA","X850SLAVE.MALES.00.01.UNDER.01.",4730
"S",850,45,"LOUISIANA","X850SLAVE.MALES.00.01.UNDER.01.",2349
"S",850,46,"MISSISSIPPI","X850SLAVE.MALES.00.01.UNDER.01.",3611
"S",850,47,"NORTH CAROLINA","X850SLAVE.MALES.00.01.UNDER.01.",4022
"S",850,48,"SOUTH CAROLINA","X850SLAVE.MALES.00.01.UNDER.01.",4450
"S",850,49,"TEXAS","X850SLAVE.MALES.00.01.UNDER.01.",705
"S",850,51,"KENTUCKY","X850SLAVE.MALES.00.01.UNDER.01.",3023
"S",850,52,"MARYLAND","X850SLAVE.MALES.00.01.UNDER.01.",1243
"S",850,54,"TENNESSEE","X850SLAVE.MALES.00.01.UNDER.01.",3452
"S",850,71,"CALIFORNIA","X850SLAVE.MALES.00.01.UNDER.01.",NA
"S",850,1,"CONNECTICUT","X850SLAVE.MALES.01.04",NA
"S",850,2,"MAINE","X850SLAVE.MALES.01.04",NA
"S",850,3,"MASSACHUSETTS","X850SLAVE.MALES.01.04",NA
"S",850,4,"NEW HAMPSHIRE","X850SLAVE.MALES.01.04",NA
"S",850,5,"RHODE ISLAND","X850SLAVE.MALES.01.04",NA
"S",850,6,"VERMONT","X850SLAVE.MALES.01.04",NA
"S",850,11,"DELAWARE","X850SLAVE.MALES.01.04",155
"S",850,12,"NEW JERSEY","X850SLAVE.MALES.01.04",0
"S",850,13,"NEW YORK","X850SLAVE.MALES.01.04",NA
"S",850,14,"PENNSYLVANIA","X850SLAVE.MALES.01.04",NA
"S",850,21,"ILLINOIS","X850SLAVE.MALES.01.04",NA
"S",850,22,"INDIANA","X850SLAVE.MALES.01.04",NA
"S",850,23,"MICHIGAN","X850SLAVE.MALES.01.04",NA
"S",850,24,"OHIO","X850SLAVE.MALES.01.04",NA
"S",850,25,"WISCONSIN","X850SLAVE.MALES.01.04",NA
"S",850,31,"IOWA","X850SLAVE.MALES.01.04",NA
"S",850,33,"MINNESOTA","X850SLAVE.MALES.01.04",NA
"S",850,34,"MISSOURI","X850SLAVE.MALES.01.04",6420
"S",850,40,"VIRGINIA","X850SLAVE.MALES.01.04",32419
"S",850,41,"ALABAMA","X850SLAVE.MALES.01.04",25471
"S",850,42,"ARKANSAS","X850SLAVE.MALES.01.04",3475
"S",850,43,"FLORIDA","X850SLAVE.MALES.01.04",2840
"S",850,44,"GEORGIA","X850SLAVE.MALES.01.04",27984
"S",850,45,"LOUISIANA","X850SLAVE.MALES.01.04",14260
"S",850,46,"MISSISSIPPI","X850SLAVE.MALES.01.04",22705
"S",850,47,"NORTH CAROLINA","X850SLAVE.MALES.01.04",21891
"S",850,48,"SOUTH CAROLINA","X850SLAVE.MALES.01.04",27019
"S",850,49,"TEXAS","X850SLAVE.MALES.01.04",4406
"S",850,51,"KENTUCKY","X850SLAVE.MALES.01.04",14952
"S",850,52,"MARYLAND","X850SLAVE.MALES.01.04",5961
"S",850,54,"TENNESSEE","X850SLAVE.MALES.01.04",17620
"S",850,71,"CALIFORNIA","X850SLAVE.MALES.01.04",NA
"S",850,1,"CONNECTICUT","X850SLAVE.MALES.05.09",NA
"S",850,2,"MAINE","X850SLAVE.MALES.05.09",NA
"S",850,3,"MASSACHUSETTS","X850SLAVE.MALES.05.09",NA
"S",850,4,"NEW HAMPSHIRE","X850SLAVE.MALES.05.09",NA
"S",850,5,"RHODE ISLAND","X850SLAVE.MALES.05.09",NA
"S",850,6,"VERMONT","X850SLAVE.MALES.05.09",NA
"S",850,11,"DELAWARE","X850SLAVE.MALES.05.09",223
"S",850,12,"NEW JERSEY","X850SLAVE.MALES.05.09",1
"S",850,13,"NEW YORK","X850SLAVE.MALES.05.09",NA
"S",850,14,"PENNSYLVANIA","X850SLAVE.MALES.05.09",NA
"S",850,21,"ILLINOIS","X850SLAVE.MALES.05.09",NA
"S",850,22,"INDIANA","X850SLAVE.MALES.05.09",NA
"S",850,23,"MICHIGAN","X850SLAVE.MALES.05.09",NA
"S",850,24,"OHIO","X850SLAVE.MALES.05.09",NA
"S",850,25,"WISCONSIN","X850SLAVE.MALES.05.09",NA
"S",850,31,"IOWA","X850SLAVE.MALES.05.09",NA
"S",850,33,"MINNESOTA","X850SLAVE.MALES.05.09",NA
"S",850,34,"MISSOURI","X850SLAVE.MALES.05.09",7090
"S",850,40,"VIRGINIA","X850SLAVE.MALES.05.09",35356
"S",850,41,"ALABAMA","X850SLAVE.MALES.05.09",25724
"S",850,42,"ARKANSAS","X850SLAVE.MALES.05.09",3480
"S",850,43,"FLORIDA","X850SLAVE.MALES.05.09",2889
"S",850,44,"GEORGIA","X850SLAVE.MALES.05.09",28941
"S",850,45,"LOUISIANA","X850SLAVE.MALES.05.09",14874
"S",850,46,"MISSISSIPPI","X850SLAVE.MALES.05.09",23240
"S",850,47,"NORTH CAROLINA","X850SLAVE.MALES.05.09",23400
"S",850,48,"SOUTH CAROLINA","X850SLAVE.MALES.05.09",27069
"S",850,49,"TEXAS","X850SLAVE.MALES.05.09",4356
"S",850,51,"KENTUCKY","X850SLAVE.MALES.05.09",16761
"S",850,52,"MARYLAND","X850SLAVE.MALES.05.09",6902
"S",850,54,"TENNESSEE","X850SLAVE.MALES.05.09",18647
"S",850,71,"CALIFORNIA","X850SLAVE.MALES.05.09",NA
"S",850,1,"CONNECTICUT","X850SLAVE.MALES.10.14",NA
"S",850,2,"MAINE","X850SLAVE.MALES.10.14",NA
"S",850,3,"MASSACHUSETTS","X850SLAVE.MALES.10.14",NA
"S",850,4,"NEW HAMPSHIRE","X850SLAVE.MALES.10.14",NA
"S",850,5,"RHODE ISLAND","X850SLAVE.MALES.10.14",NA
"S",850,6,"VERMONT","X850SLAVE.MALES.10.14",NA
"S",850,11,"DELAWARE","X850SLAVE.MALES.10.14",205
"S",850,12,"NEW JERSEY","X850SLAVE.MALES.10.14",2
"S",850,13,"NEW YORK","X850SLAVE.MALES.10.14",NA
"S",850,14,"PENNSYLVANIA","X850SLAVE.MALES.10.14",NA
"S",850,21,"ILLINOIS","X850SLAVE.MALES.10.14",NA
"S",850,22,"INDIANA","X850SLAVE.MALES.10.14",NA
"S",850,23,"MICHIGAN","X850SLAVE.MALES.10.14",NA
"S",850,24,"OHIO","X850SLAVE.MALES.10.14",NA
"S",850,25,"WISCONSIN","X850SLAVE.MALES.10.14",NA
"S",850,31,"IOWA","X850SLAVE.MALES.10.14",NA
"S",850,33,"MINNESOTA","X850SLAVE.MALES.10.14",NA
"S",850,34,"MISSOURI","X850SLAVE.MALES.10.14",6492
"S",850,40,"VIRGINIA","X850SLAVE.MALES.10.14",33883
"S",850,41,"ALABAMA","X850SLAVE.MALES.10.14",23190
"S",850,42,"ARKANSAS","X850SLAVE.MALES.10.14",3389
"S",850,43,"FLORIDA","X850SLAVE.MALES.10.14",2507
"S",850,44,"GEORGIA","X850SLAVE.MALES.10.14",26834
"S",850,45,"LOUISIANA","X850SLAVE.MALES.10.14",13865
"S",850,46,"MISSISSIPPI","X850SLAVE.MALES.10.14",20666
"S",850,47,"NORTH CAROLINA","X850SLAVE.MALES.10.14",20711
"S",850,48,"SOUTH CAROLINA","X850SLAVE.MALES.10.14",24890
"S",850,49,"TEXAS","X850SLAVE.MALES.10.14",4152
"S",850,51,"KENTUCKY","X850SLAVE.MALES.10.14",15602
"S",850,52,"MARYLAND","X850SLAVE.MALES.10.14",6963
"S",850,54,"TENNESSEE","X850SLAVE.MALES.10.14",17889
"S",850,71,"CALIFORNIA","X850SLAVE.MALES.10.14",NA
"S",850,1,"CONNECTICUT","X850SLAVE.MALES.15.19",NA
"S",850,2,"MAINE","X850SLAVE.MALES.15.19",NA
"S",850,3,"MASSACHUSETTS","X850SLAVE.MALES.15.19",NA
"S",850,4,"NEW HAMPSHIRE","X850SLAVE.MALES.15.19",NA
"S",850,5,"RHODE ISLAND","X850SLAVE.MALES.15.19",NA
"S",850,6,"VERMONT","X850SLAVE.MALES.15.19",NA
"S",850,11,"DELAWARE","X850SLAVE.MALES.15.19",219
"S",850,12,"NEW JERSEY","X850SLAVE.MALES.15.19",5
"S",850,13,"NEW YORK","X850SLAVE.MALES.15.19",NA
"S",850,14,"PENNSYLVANIA","X850SLAVE.MALES.15.19",NA
"S",850,21,"ILLINOIS","X850SLAVE.MALES.15.19",NA
"S",850,22,"INDIANA","X850SLAVE.MALES.15.19",NA
"S",850,23,"MICHIGAN","X850SLAVE.MALES.15.19",NA
"S",850,24,"OHIO","X850SLAVE.MALES.15.19",NA
"S",850,25,"WISCONSIN","X850SLAVE.MALES.15.19",NA
"S",850,31,"IOWA","X850SLAVE.MALES.15.19",NA
"S",850,33,"MINNESOTA","X850SLAVE.MALES.15.19",NA
"S",850,34,"MISSOURI","X850SLAVE.MALES.15.19",5395
"S",850,40,"VIRGINIA","X850SLAVE.MALES.15.19",25584
"S",850,41,"ALABAMA","X850SLAVE.MALES.15.19",18989
"S",850,42,"ARKANSAS","X850SLAVE.MALES.15.19",2745
"S",850,43,"FLORIDA","X850SLAVE.MALES.15.19",1974
"S",850,44,"GEORGIA","X850SLAVE.MALES.15.19",21865
"S",850,45,"LOUISIANA","X850SLAVE.MALES.15.19",11151
"S",850,46,"MISSISSIPPI","X850SLAVE.MALES.15.19",16611
"S",850,47,"NORTH CAROLINA","X850SLAVE.MALES.15.19",15710
"S",850,48,"SOUTH CAROLINA","X850SLAVE.MALES.15.19",20521
"S",850,49,"TEXAS","X850SLAVE.MALES.15.19",3175
"S",850,51,"KENTUCKY","X850SLAVE.MALES.15.19",12370
"S",850,52,"MARYLAND","X850SLAVE.MALES.15.19",5643
"S",850,54,"TENNESSEE","X850SLAVE.MALES.15.19",14004
"S",850,71,"CALIFORNIA","X850SLAVE.MALES.15.19",NA
"S",850,1,"CONNECTICUT","X850SLAVE.MALES.20.29",NA
"S",850,2,"MAINE","X850SLAVE.MALES.20.29",NA
"S",850,3,"MASSACHUSETTS","X850SLAVE.MALES.20.29",NA
"S",850,4,"NEW HAMPSHIRE","X850SLAVE.MALES.20.29",NA
"S",850,5,"RHODE ISLAND","X850SLAVE.MALES.20.29",NA
"S",850,6,"VERMONT","X850SLAVE.MALES.20.29",NA
"S",850,11,"DELAWARE","X850SLAVE.MALES.20.29",212
"S",850,12,"NEW JERSEY","X850SLAVE.MALES.20.29",10
"S",850,13,"NEW YORK","X850SLAVE.MALES.20.29",NA
"S",850,14,"PENNSYLVANIA","X850SLAVE.MALES.20.29",NA
"S",850,21,"ILLINOIS","X850SLAVE.MALES.20.29",NA
"S",850,22,"INDIANA","X850SLAVE.MALES.20.29",NA
"S",850,23,"MICHIGAN","X850SLAVE.MALES.20.29",NA
"S",850,24,"OHIO","X850SLAVE.MALES.20.29",NA
"S",850,25,"WISCONSIN","X850SLAVE.MALES.20.29",NA
"S",850,31,"IOWA","X850SLAVE.MALES.20.29",NA
"S",850,33,"MINNESOTA","X850SLAVE.MALES.20.29",NA
"S",850,34,"MISSOURI","X850SLAVE.MALES.20.29",8623
"S",850,40,"VIRGINIA","X850SLAVE.MALES.20.29",39991
"S",850,41,"ALABAMA","X850SLAVE.MALES.20.29",31658
"S",850,42,"ARKANSAS","X850SLAVE.MALES.20.29",4930
"S",850,43,"FLORIDA","X850SLAVE.MALES.20.29",3878
"S",850,44,"GEORGIA","X850SLAVE.MALES.20.29",33959
"S",850,45,"LOUISIANA","X850SLAVE.MALES.20.29",26047
"S",850,46,"MISSISSIPPI","X850SLAVE.MALES.20.29",29915
"S",850,47,"NORTH CAROLINA","X850SLAVE.MALES.20.29",23969
"S",850,48,"SOUTH CAROLINA","X850SLAVE.MALES.20.29",31745
"S",850,49,"TEXAS","X850SLAVE.MALES.20.29",5585
"S",850,51,"KENTUCKY","X850SLAVE.MALES.20.29",19031
"S",850,52,"MARYLAND","X850SLAVE.MALES.20.29",8092
"S",850,54,"TENNESSEE","X850SLAVE.MALES.20.29",21709
"S",850,71,"CALIFORNIA","X850SLAVE.MALES.20.29",NA
"S",850,1,"CONNECTICUT","X850SLAVE.MALES.30.39",NA
"S",850,2,"MAINE","X850SLAVE.MALES.30.39",NA
"S",850,3,"MASSACHUSETTS","X850SLAVE.MALES.30.39",NA
"S",850,4,"NEW HAMPSHIRE","X850SLAVE.MALES.30.39",NA
"S",850,5,"RHODE ISLAND","X850SLAVE.MALES.30.39",NA
"S",850,6,"VERMONT","X850SLAVE.MALES.30.39",NA
"S",850,11,"DELAWARE","X850SLAVE.MALES.30.39",67
"S",850,12,"NEW JERSEY","X850SLAVE.MALES.30.39",0
"S",850,13,"NEW YORK","X850SLAVE.MALES.30.39",NA
"S",850,14,"PENNSYLVANIA","X850SLAVE.MALES.30.39",NA
"S",850,21,"ILLINOIS","X850SLAVE.MALES.30.39",NA
"S",850,22,"INDIANA","X850SLAVE.MALES.30.39",NA
"S",850,23,"MICHIGAN","X850SLAVE.MALES.30.39",NA
"S",850,24,"OHIO","X850SLAVE.MALES.30.39",NA
"S",850,25,"WISCONSIN","X850SLAVE.MALES.30.39",NA
"S",850,31,"IOWA","X850SLAVE.MALES.30.39",NA
"S",850,33,"MINNESOTA","X850SLAVE.MALES.30.39",NA
"S",850,34,"MISSOURI","X850SLAVE.MALES.30.39",3902
"S",850,40,"VIRGINIA","X850SLAVE.MALES.30.39",25435
"S",850,41,"ALABAMA","X850SLAVE.MALES.30.39",19636
"S",850,42,"ARKANSAS","X850SLAVE.MALES.30.39",2528
"S",850,43,"FLORIDA","X850SLAVE.MALES.30.39",2277
"S",850,44,"GEORGIA","X850SLAVE.MALES.30.39",19146
"S",850,45,"LOUISIANA","X850SLAVE.MALES.30.39",20250
"S",850,46,"MISSISSIPPI","X850SLAVE.MALES.30.39",18565
"S",850,47,"NORTH CAROLINA","X850SLAVE.MALES.30.39",13687
"S",850,48,"SOUTH CAROLINA","X850SLAVE.MALES.30.39",20583
"S",850,49,"TEXAS","X850SLAVE.MALES.30.39",3131
"S",850,51,"KENTUCKY","X850SLAVE.MALES.30.39",10325
"S",850,52,"MARYLAND","X850SLAVE.MALES.30.39",4269
"S",850,54,"TENNESSEE","X850SLAVE.MALES.30.39",11370
"S",850,71,"CALIFORNIA","X850SLAVE.MALES.30.39",NA
"S",850,1,"CONNECTICUT","X850SLAVE.MALES.40.49",NA
"S",850,2,"MAINE","X850SLAVE.MALES.40.49",NA
"S",850,3,"MASSACHUSETTS","X850SLAVE.MALES.40.49",NA
"S",850,4,"NEW HAMPSHIRE","X850SLAVE.MALES.40.49",NA
"S",850,5,"RHODE ISLAND","X850SLAVE.MALES.40.49",NA
"S",850,6,"VERMONT","X850SLAVE.MALES.40.49",NA
"S",850,11,"DELAWARE","X850SLAVE.MALES.40.49",31
"S",850,12,"NEW JERSEY","X850SLAVE.MALES.40.49",2
"S",850,13,"NEW YORK","X850SLAVE.MALES.40.49",NA
"S",850,14,"PENNSYLVANIA","X850SLAVE.MALES.40.49",NA
"S",850,21,"ILLINOIS","X850SLAVE.MALES.40.49",NA
"S",850,22,"INDIANA","X850SLAVE.MALES.40.49",NA
"S",850,23,"MICHIGAN","X850SLAVE.MALES.40.49",NA
"S",850,24,"OHIO","X850SLAVE.MALES.40.49",NA
"S",850,25,"WISCONSIN","X850SLAVE.MALES.40.49",NA
"S",850,31,"IOWA","X850SLAVE.MALES.40.49",NA
"S",850,33,"MINNESOTA","X850SLAVE.MALES.40.49",NA
"S",850,34,"MISSOURI","X850SLAVE.MALES.40.49",2278
"S",850,40,"VIRGINIA","X850SLAVE.MALES.40.49",18416
"S",850,41,"ALABAMA","X850SLAVE.MALES.40.49",11433
"S",850,42,"ARKANSAS","X850SLAVE.MALES.40.49",1415
"S",850,43,"FLORIDA","X850SLAVE.MALES.40.49",1344
"S",850,44,"GEORGIA","X850SLAVE.MALES.40.49",12100
"S",850,45,"LOUISIANA","X850SLAVE.MALES.40.49",12690
"S",850,46,"MISSISSIPPI","X850SLAVE.MALES.40.49",9996
"S",850,47,"NORTH CAROLINA","X850SLAVE.MALES.40.49",8444
"S",850,48,"SOUTH CAROLINA","X850SLAVE.MALES.40.49",13138
"S",850,49,"TEXAS","X850SLAVE.MALES.40.49",1750
"S",850,51,"KENTUCKY","X850SLAVE.MALES.40.49",6520
"S",850,52,"MARYLAND","X850SLAVE.MALES.40.49",2953
"S",850,54,"TENNESSEE","X850SLAVE.MALES.40.49",6550
"S",850,71,"CALIFORNIA","X850SLAVE.MALES.40.49",NA
"S",850,1,"CONNECTICUT","X850SLAVE.MALES.50.59",NA
"S",850,2,"MAINE","X850SLAVE.MALES.50.59",NA
"S",850,3,"MASSACHUSETTS","X850SLAVE.MALES.50.59",NA
"S",850,4,"NEW HAMPSHIRE","X850SLAVE.MALES.50.59",NA
"S",850,5,"RHODE ISLAND","X850SLAVE.MALES.50.59",NA
"S",850,6,"VERMONT","X850SLAVE.MALES.50.59",NA
"S",850,11,"DELAWARE","X850SLAVE.MALES.50.59",20
"S",850,12,"NEW JERSEY","X850SLAVE.MALES.50.59",21
"S",850,13,"NEW YORK","X850SLAVE.MALES.50.59",NA
"S",850,14,"PENNSYLVANIA","X850SLAVE.MALES.50.59",NA
"S",850,21,"ILLINOIS","X850SLAVE.MALES.50.59",NA
"S",850,22,"INDIANA","X850SLAVE.MALES.50.59",NA
"S",850,23,"MICHIGAN","X850SLAVE.MALES.50.59",NA
"S",850,24,"OHIO","X850SLAVE.MALES.50.59",NA
"S",850,25,"WISCONSIN","X850SLAVE.MALES.50.59",NA
"S",850,31,"IOWA","X850SLAVE.MALES.50.59",NA
"S",850,33,"MINNESOTA","X850SLAVE.MALES.50.59",NA
"S",850,34,"MISSOURI","X850SLAVE.MALES.50.59",1136
"S",850,40,"VIRGINIA","X850SLAVE.MALES.50.59",12138
"S",850,41,"ALABAMA","X850SLAVE.MALES.50.59",6368
"S",850,42,"ARKANSAS","X850SLAVE.MALES.50.59",653
"S",850,43,"FLORIDA","X850SLAVE.MALES.50.59",895
"S",850,44,"GEORGIA","X850SLAVE.MALES.50.59",6584
"S",850,45,"LOUISIANA","X850SLAVE.MALES.50.59",5955
"S",850,46,"MISSISSIPPI","X850SLAVE.MALES.50.59",4854
"S",850,47,"NORTH CAROLINA","X850SLAVE.MALES.50.59",6814
"S",850,48,"SOUTH CAROLINA","X850SLAVE.MALES.50.59",8771
"S",850,49,"TEXAS","X850SLAVE.MALES.50.59",898
"S",850,51,"KENTUCKY","X850SLAVE.MALES.50.59",3744
"S",850,52,"MARYLAND","X850SLAVE.MALES.50.59",1926
"S",850,54,"TENNESSEE","X850SLAVE.MALES.50.59",4421
"S",850,71,"CALIFORNIA","X850SLAVE.MALES.50.59",NA
"S",850,1,"CONNECTICUT","X850SLAVE.MALES.60.69",NA
"S",850,2,"MAINE","X850SLAVE.MALES.60.69",NA
"S",850,3,"MASSACHUSETTS","X850SLAVE.MALES.60.69",NA
"S",850,4,"NEW HAMPSHIRE","X850SLAVE.MALES.60.69",NA
"S",850,5,"RHODE ISLAND","X850SLAVE.MALES.60.69",NA
"S",850,6,"VERMONT","X850SLAVE.MALES.60.69",NA
"S",850,11,"DELAWARE","X850SLAVE.MALES.60.69",8
"S",850,12,"NEW JERSEY","X850SLAVE.MALES.60.69",27
"S",850,13,"NEW YORK","X850SLAVE.MALES.60.69",NA
"S",850,14,"PENNSYLVANIA","X850SLAVE.MALES.60.69",NA
"S",850,21,"ILLINOIS","X850SLAVE.MALES.60.69",NA
"S",850,22,"INDIANA","X850SLAVE.MALES.60.69",NA
"S",850,23,"MICHIGAN","X850SLAVE.MALES.60.69",NA
"S",850,24,"OHIO","X850SLAVE.MALES.60.69",NA
"S",850,25,"WISCONSIN","X850SLAVE.MALES.60.69",NA
"S",850,31,"IOWA","X850SLAVE.MALES.60.69",NA
"S",850,33,"MINNESOTA","X850SLAVE.MALES.60.69",NA
"S",850,34,"MISSOURI","X850SLAVE.MALES.60.69",535
"S",850,40,"VIRGINIA","X850SLAVE.MALES.60.69",7614
"S",850,41,"ALABAMA","X850SLAVE.MALES.60.69",3774
"S",850,42,"ARKANSAS","X850SLAVE.MALES.60.69",378
"S",850,43,"FLORIDA","X850SLAVE.MALES.60.69",474
"S",850,44,"GEORGIA","X850SLAVE.MALES.60.69",4585
"S",850,45,"LOUISIANA","X850SLAVE.MALES.60.69",3032
"S",850,46,"MISSISSIPPI","X850SLAVE.MALES.60.69",3139
"S",850,47,"NORTH CAROLINA","X850SLAVE.MALES.60.69",3637
"S",850,48,"SOUTH CAROLINA","X850SLAVE.MALES.60.69",5426
"S",850,49,"TEXAS","X850SLAVE.MALES.60.69",373
"S",850,51,"KENTUCKY","X850SLAVE.MALES.60.69",1819
"S",850,52,"MARYLAND","X850SLAVE.MALES.60.69",1187
"S",850,54,"TENNESSEE","X850SLAVE.MALES.60.69",2050
"S",850,71,"CALIFORNIA","X850SLAVE.MALES.60.69",NA
"S",850,1,"CONNECTICUT","X850SLAVE.MALES.70.79",NA
"S",850,2,"MAINE","X850SLAVE.MALES.70.79",NA
"S",850,3,"MASSACHUSETTS","X850SLAVE.MALES.70.79",NA
"S",850,4,"NEW HAMPSHIRE","X850SLAVE.MALES.70.79",NA
"S",850,5,"RHODE ISLAND","X850SLAVE.MALES.70.79",NA
"S",850,6,"VERMONT","X850SLAVE.MALES.70.79",NA
"S",850,11,"DELAWARE","X850SLAVE.MALES.70.79",6
"S",850,12,"NEW JERSEY","X850SLAVE.MALES.70.79",17
"S",850,13,"NEW YORK","X850SLAVE.MALES.70.79",NA
"S",850,14,"PENNSYLVANIA","X850SLAVE.MALES.70.79",NA
"S",850,21,"ILLINOIS","X850SLAVE.MALES.70.79",NA
"S",850,22,"INDIANA","X850SLAVE.MALES.70.79",NA
"S",850,23,"MICHIGAN","X850SLAVE.MALES.70.79",NA
"S",850,24,"OHIO","X850SLAVE.MALES.70.79",NA
"S",850,25,"WISCONSIN","X850SLAVE.MALES.70.79",NA
"S",850,31,"IOWA","X850SLAVE.MALES.70.79",NA
"S",850,33,"MINNESOTA","X850SLAVE.MALES.70.79",NA
"S",850,34,"MISSOURI","X850SLAVE.MALES.70.79",141
"S",850,40,"VIRGINIA","X850SLAVE.MALES.70.79",3028
"S",850,41,"ALABAMA","X850SLAVE.MALES.70.79",1068
"S",850,42,"ARKANSAS","X850SLAVE.MALES.70.79",75
"S",850,43,"FLORIDA","X850SLAVE.MALES.70.79",141
"S",850,44,"GEORGIA","X850SLAVE.MALES.70.79",1399
"S",850,45,"LOUISIANA","X850SLAVE.MALES.70.79",937
"S",850,46,"MISSISSIPPI","X850SLAVE.MALES.70.79",825
"S",850,47,"NORTH CAROLINA","X850SLAVE.MALES.70.79",1520
"S",850,48,"SOUTH CAROLINA","X850SLAVE.MALES.70.79",2008
"S",850,49,"TEXAS","X850SLAVE.MALES.70.79",100
"S",850,51,"KENTUCKY","X850SLAVE.MALES.70.79",621
"S",850,52,"MARYLAND","X850SLAVE.MALES.70.79",549
"S",850,54,"TENNESSEE","X850SLAVE.MALES.70.79",719
"S",850,71,"CALIFORNIA","X850SLAVE.MALES.70.79",NA
"S",850,1,"CONNECTICUT","X850SLAVE.MALES.80.89",NA
"S",850,2,"MAINE","X850SLAVE.MALES.80.89",NA
"S",850,3,"MASSACHUSETTS","X850SLAVE.MALES.80.89",NA
"S",850,4,"NEW HAMPSHIRE","X850SLAVE.MALES.80.89",NA
"S",850,5,"RHODE ISLAND","X850SLAVE.MALES.80.89",NA
"S",850,6,"VERMONT","X850SLAVE.MALES.80.89",NA
"S",850,11,"DELAWARE","X850SLAVE.MALES.80.89",0
"S",850,12,"NEW JERSEY","X850SLAVE.MALES.80.89",9
"S",850,13,"NEW YORK","X850SLAVE.MALES.80.89",NA
"S",850,14,"PENNSYLVANIA","X850SLAVE.MALES.80.89",NA
"S",850,21,"ILLINOIS","X850SLAVE.MALES.80.89",NA
"S",850,22,"INDIANA","X850SLAVE.MALES.80.89",NA
"S",850,23,"MICHIGAN","X850SLAVE.MALES.80.89",NA
"S",850,24,"OHIO","X850SLAVE.MALES.80.89",NA
"S",850,25,"WISCONSIN","X850SLAVE.MALES.80.89",NA
"S",850,31,"IOWA","X850SLAVE.MALES.80.89",NA
"S",850,33,"MINNESOTA","X850SLAVE.MALES.80.89",NA
"S",850,34,"MISSOURI","X850SLAVE.MALES.80.89",63
"S",850,40,"VIRGINIA","X850SLAVE.MALES.80.89",958
"S",850,41,"ALABAMA","X850SLAVE.MALES.80.89",338
"S",850,42,"ARKANSAS","X850SLAVE.MALES.80.89",30
"S",850,43,"FLORIDA","X850SLAVE.MALES.80.89",45
"S",850,44,"GEORGIA","X850SLAVE.MALES.80.89",480
"S",850,45,"LOUISIANA","X850SLAVE.MALES.80.89",319
"S",850,46,"MISSISSIPPI","X850SLAVE.MALES.80.89",288
"S",850,47,"NORTH CAROLINA","X850SLAVE.MALES.80.89",570
"S",850,48,"SOUTH CAROLINA","X850SLAVE.MALES.80.89",613
"S",850,49,"TEXAS","X850SLAVE.MALES.80.89",40
"S",850,51,"KENTUCKY","X850SLAVE.MALES.80.89",198
"S",850,52,"MARYLAND","X850SLAVE.MALES.80.89",190
"S",850,54,"TENNESSEE","X850SLAVE.MALES.80.89",233
"S",850,71,"CALIFORNIA","X850SLAVE.MALES.80.89",NA
"S",850,1,"CONNECTICUT","X850SLAVE.MALES.90.99",NA
"S",850,2,"MAINE","X850SLAVE.MALES.90.99",NA
"S",850,3,"MASSACHUSETTS","X850SLAVE.MALES.90.99",NA
"S",850,4,"NEW HAMPSHIRE","X850SLAVE.MALES.90.99",NA
"S",850,5,"RHODE ISLAND","X850SLAVE.MALES.90.99",NA
"S",850,6,"VERMONT","X850SLAVE.MALES.90.99",NA
"S",850,11,"DELAWARE","X850SLAVE.MALES.90.99",0
"S",850,12,"NEW JERSEY","X850SLAVE.MALES.90.99",2
"S",850,13,"NEW YORK","X850SLAVE.MALES.90.99",NA
"S",850,14,"PENNSYLVANIA","X850SLAVE.MALES.90.99",NA
"S",850,21,"ILLINOIS","X850SLAVE.MALES.90.99",NA
"S",850,22,"INDIANA","X850SLAVE.MALES.90.99",NA
"S",850,23,"MICHIGAN","X850SLAVE.MALES.90.99",NA
"S",850,24,"OHIO","X850SLAVE.MALES.90.99",NA
"S",850,25,"WISCONSIN","X850SLAVE.MALES.90.99",NA
"S",850,31,"IOWA","X850SLAVE.MALES.90.99",NA
"S",850,33,"MINNESOTA","X850SLAVE.MALES.90.99",NA
"S",850,34,"MISSOURI","X850SLAVE.MALES.90.99",25
"S",850,40,"VIRGINIA","X850SLAVE.MALES.90.99",263
"S",850,41,"ALABAMA","X850SLAVE.MALES.90.99",97
"S",850,42,"ARKANSAS","X850SLAVE.MALES.90.99",11
"S",850,43,"FLORIDA","X850SLAVE.MALES.90.99",22
"S",850,44,"GEORGIA","X850SLAVE.MALES.90.99",142
"S",850,45,"LOUISIANA","X850SLAVE.MALES.90.99",81
"S",850,46,"MISSISSIPPI","X850SLAVE.MALES.90.99",85
"S",850,47,"NORTH CAROLINA","X850SLAVE.MALES.90.99",132
"S",850,48,"SOUTH CAROLINA","X850SLAVE.MALES.90.99",154
"S",850,49,"TEXAS","X850SLAVE.MALES.90.99",12
"S",850,51,"KENTUCKY","X850SLAVE.MALES.90.99",61
"S",850,52,"MARYLAND","X850SLAVE.MALES.90.99",41
"S",850,54,"TENNESSEE","X850SLAVE.MALES.90.99",82
"S",850,71,"CALIFORNIA","X850SLAVE.MALES.90.99",NA
"S",850,1,"CONNECTICUT","X850SLAVE.MALES.99.AND.OVER",NA
"S",850,2,"MAINE","X850SLAVE.MALES.99.AND.OVER",NA
"S",850,3,"MASSACHUSETTS","X850SLAVE.MALES.99.AND.OVER",NA
"S",850,4,"NEW HAMPSHIRE","X850SLAVE.MALES.99.AND.OVER",NA
"S",850,5,"RHODE ISLAND","X850SLAVE.MALES.99.AND.OVER",NA
"S",850,6,"VERMONT","X850SLAVE.MALES.99.AND.OVER",NA
"S",850,11,"DELAWARE","X850SLAVE.MALES.99.AND.OVER",1
"S",850,12,"NEW JERSEY","X850SLAVE.MALES.99.AND.OVER",0
"S",850,13,"NEW YORK","X850SLAVE.MALES.99.AND.OVER",NA
"S",850,14,"PENNSYLVANIA","X850SLAVE.MALES.99.AND.OVER",NA
"S",850,21,"ILLINOIS","X850SLAVE.MALES.99.AND.OVER",NA
"S",850,22,"INDIANA","X850SLAVE.MALES.99.AND.OVER",NA
"S",850,23,"MICHIGAN","X850SLAVE.MALES.99.AND.OVER",NA
"S",850,24,"OHIO","X850SLAVE.MALES.99.AND.OVER",NA
"S",850,25,"WISCONSIN","X850SLAVE.MALES.99.AND.OVER",NA
"S",850,31,"IOWA","X850SLAVE.MALES.99.AND.OVER",NA
"S",850,33,"MINNESOTA","X850SLAVE.MALES.99.AND.OVER",NA
"S",850,34,"MISSOURI","X850SLAVE.MALES.99.AND.OVER",8
"S",850,40,"VIRGINIA","X850SLAVE.MALES.99.AND.OVER",87
"S",850,41,"ALABAMA","X850SLAVE.MALES.99.AND.OVER",65
"S",850,42,"ARKANSAS","X850SLAVE.MALES.99.AND.OVER",9
"S",850,43,"FLORIDA","X850SLAVE.MALES.99.AND.OVER",15
"S",850,44,"GEORGIA","X850SLAVE.MALES.99.AND.OVER",81
"S",850,45,"LOUISIANA","X850SLAVE.MALES.99.AND.OVER",57
"S",850,46,"MISSISSIPPI","X850SLAVE.MALES.99.AND.OVER",47
"S",850,47,"NORTH CAROLINA","X850SLAVE.MALES.99.AND.OVER",66
"S",850,48,"SOUTH CAROLINA","X850SLAVE.MALES.99.AND.OVER",81
"S",850,49,"TEXAS","X850SLAVE.MALES.99.AND.OVER",6
"S",850,51,"KENTUCKY","X850SLAVE.MALES.99.AND.OVER",28
"S",850,52,"MARYLAND","X850SLAVE.MALES.99.AND.OVER",24
"S",850,54,"TENNESSEE","X850SLAVE.MALES.99.AND.OVER",31
"S",850,71,"CALIFORNIA","X850SLAVE.MALES.99.AND.OVER",NA
"S",850,1,"CONNECTICUT","X850SLAVE.MALES.AGE.UKWN",NA
"S",850,2,"MAINE","X850SLAVE.MALES.AGE.UKWN",NA
"S",850,3,"MASSACHUSETTS","X850SLAVE.MALES.AGE.UKWN",NA
"S",850,4,"NEW HAMPSHIRE","X850SLAVE.MALES.AGE.UKWN",NA
"S",850,5,"RHODE ISLAND","X850SLAVE.MALES.AGE.UKWN",NA
"S",850,6,"VERMONT","X850SLAVE.MALES.AGE.UKWN",NA
"S",850,11,"DELAWARE","X850SLAVE.MALES.AGE.UKWN",0
"S",850,12,"NEW JERSEY","X850SLAVE.MALES.AGE.UKWN",0
"S",850,13,"NEW YORK","X850SLAVE.MALES.AGE.UKWN",NA
"S",850,14,"PENNSYLVANIA","X850SLAVE.MALES.AGE.UKWN",NA
"S",850,21,"ILLINOIS","X850SLAVE.MALES.AGE.UKWN",NA
"S",850,22,"INDIANA","X850SLAVE.MALES.AGE.UKWN",NA
"S",850,23,"MICHIGAN","X850SLAVE.MALES.AGE.UKWN",NA
"S",850,24,"OHIO","X850SLAVE.MALES.AGE.UKWN",NA
"S",850,25,"WISCONSIN","X850SLAVE.MALES.AGE.UKWN",NA
"S",850,31,"IOWA","X850SLAVE.MALES.AGE.UKWN",NA
"S",850,33,"MINNESOTA","X850SLAVE.MALES.AGE.UKWN",NA
"S",850,34,"MISSOURI","X850SLAVE.MALES.AGE.UKWN",11
"S",850,40,"VIRGINIA","X850SLAVE.MALES.AGE.UKWN",49
"S",850,41,"ALABAMA","X850SLAVE.MALES.AGE.UKWN",1
"S",850,42,"ARKANSAS","X850SLAVE.MALES.AGE.UKWN",0
"S",850,43,"FLORIDA","X850SLAVE.MALES.AGE.UKWN",40
"S",850,44,"GEORGIA","X850SLAVE.MALES.AGE.UKWN",27
"S",850,45,"LOUISIANA","X850SLAVE.MALES.AGE.UKWN",7
"S",850,46,"MISSISSIPPI","X850SLAVE.MALES.AGE.UKWN",127
"S",850,47,"NORTH CAROLINA","X850SLAVE.MALES.AGE.UKWN",8
"S",850,48,"SOUTH CAROLINA","X850SLAVE.MALES.AGE.UKWN",1288
"S",850,49,"TEXAS","X850SLAVE.MALES.AGE.UKWN",11
"S",850,51,"KENTUCKY","X850SLAVE.MALES.AGE.UKWN",8
"S",850,52,"MARYLAND","X850SLAVE.MALES.AGE.UKWN",1
"S",850,54,"TENNESSEE","X850SLAVE.MALES.AGE.UKWN",3
"S",850,71,"CALIFORNIA","X850SLAVE.MALES.AGE.UKWN",NA
"S",850,1,"CONNECTICUT","X850TOTAL.SLAVE.FEMALES",NA
"S",850,2,"MAINE","X850TOTAL.SLAVE.FEMALES",NA
"S",850,3,"MASSACHUSETTS","X850TOTAL.SLAVE.FEMALES",NA
"S",850,4,"NEW HAMPSHIRE","X850TOTAL.SLAVE.FEMALES",NA
"S",850,5,"RHODE ISLAND","X850TOTAL.SLAVE.FEMALES",NA
"S",850,6,"VERMONT","X850TOTAL.SLAVE.FEMALES",NA
"S",850,11,"DELAWARE","X850TOTAL.SLAVE.FEMALES",1116
"S",850,12,"NEW JERSEY","X850TOTAL.SLAVE.FEMALES",140
"S",850,13,"NEW YORK","X850TOTAL.SLAVE.FEMALES",NA
"S",850,14,"PENNSYLVANIA","X850TOTAL.SLAVE.FEMALES",NA
"S",850,21,"ILLINOIS","X850TOTAL.SLAVE.FEMALES",NA
"S",850,22,"INDIANA","X850TOTAL.SLAVE.FEMALES",NA
"S",850,23,"MICHIGAN","X850TOTAL.SLAVE.FEMALES",NA
"S",850,24,"OHIO","X850TOTAL.SLAVE.FEMALES",NA
"S",850,25,"WISCONSIN","X850TOTAL.SLAVE.FEMALES",NA
"S",850,31,"IOWA","X850TOTAL.SLAVE.FEMALES",NA
"S",850,33,"MINNESOTA","X850TOTAL.SLAVE.FEMALES",NA
"S",850,34,"MISSOURI","X850TOTAL.SLAVE.FEMALES",43938
"S",850,40,"VIRGINIA","X850TOTAL.SLAVE.FEMALES",231966
"S",850,41,"ALABAMA","X850TOTAL.SLAVE.FEMALES",171040
"S",850,42,"ARKANSAS","X850TOTAL.SLAVE.FEMALES",23442
"S",850,43,"FLORIDA","X850TOTAL.SLAVE.FEMALES",19506
"S",850,44,"GEORGIA","X850TOTAL.SLAVE.FEMALES",192825
"S",850,45,"LOUISIANA","X850TOTAL.SLAVE.FEMALES",118935
"S",850,46,"MISSISSIPPI","X850TOTAL.SLAVE.FEMALES",154626
"S",850,47,"NORTH CAROLINA","X850TOTAL.SLAVE.FEMALES",143967
"S",850,48,"SOUTH CAROLINA","X850TOTAL.SLAVE.FEMALES",197228
"S",850,49,"TEXAS","X850TOTAL.SLAVE.FEMALES",29461
"S",850,51,"KENTUCKY","X850TOTAL.SLAVE.FEMALES",105918
"S",850,52,"MARYLAND","X850TOTAL.SLAVE.FEMALES",44424
"S",850,54,"TENNESSEE","X850TOTAL.SLAVE.FEMALES",120679
"S",850,71,"CALIFORNIA","X850TOTAL.SLAVE.FEMALES",NA
"S",850,1,"CONNECTICUT","X850TOTAL.SLAVE.MALES",NA
"S",850,2,"MAINE","X850TOTAL.SLAVE.MALES",NA
"S",850,3,"MASSACHUSETTS","X850TOTAL.SLAVE.MALES",NA
"S",850,4,"NEW HAMPSHIRE","X850TOTAL.SLAVE.MALES",NA
"S",850,5,"RHODE ISLAND","X850TOTAL.SLAVE.MALES",NA
"S",850,6,"VERMONT","X850TOTAL.SLAVE.MALES",NA
"S",850,11,"DELAWARE","X850TOTAL.SLAVE.MALES",1174
"S",850,12,"NEW JERSEY","X850TOTAL.SLAVE.MALES",96
"S",850,13,"NEW YORK","X850TOTAL.SLAVE.MALES",NA
"S",850,14,"PENNSYLVANIA","X850TOTAL.SLAVE.MALES",NA
"S",850,21,"ILLINOIS","X850TOTAL.SLAVE.MALES",NA
"S",850,22,"INDIANA","X850TOTAL.SLAVE.MALES",NA
"S",850,23,"MICHIGAN","X850TOTAL.SLAVE.MALES",NA
"S",850,24,"OHIO","X850TOTAL.SLAVE.MALES",NA
"S",850,25,"WISCONSIN","X850TOTAL.SLAVE.MALES",NA
"S",850,31,"IOWA","X850TOTAL.SLAVE.MALES",NA
"S",850,33,"MINNESOTA","X850TOTAL.SLAVE.MALES",NA
"S",850,34,"MISSOURI","X850TOTAL.SLAVE.MALES",43484
"S",850,40,"VIRGINIA","X850TOTAL.SLAVE.MALES",240562
"S",850,41,"ALABAMA","X850TOTAL.SLAVE.MALES",171804
"S",850,42,"ARKANSAS","X850TOTAL.SLAVE.MALES",23658
"S",850,43,"FLORIDA","X850TOTAL.SLAVE.MALES",19804
"S",850,44,"GEORGIA","X850TOTAL.SLAVE.MALES",188857
"S",850,45,"LOUISIANA","X850TOTAL.SLAVE.MALES",125874
"S",850,46,"MISSISSIPPI","X850TOTAL.SLAVE.MALES",154674
"S",850,47,"NORTH CAROLINA","X850TOTAL.SLAVE.MALES",144581
"S",850,48,"SOUTH CAROLINA","X850TOTAL.SLAVE.MALES",187756
"S",850,49,"TEXAS","X850TOTAL.SLAVE.MALES",28700
"S",850,51,"KENTUCKY","X850TOTAL.SLAVE.MALES",105063
"S",850,52,"MARYLAND","X850TOTAL.SLAVE.MALES",45944
"S",850,54,"TENNESSEE","X850TOTAL.SLAVE.MALES",118780
"S",850,71,"CALIFORNIA","X850TOTAL.SLAVE.MALES",NA
