Pollster,Start Date,End Date,Entry Date/Time (ET),Number of Observations,Population,Mode,Favorable,Unfavorable,Undecided,Pollster URL,Source URL,Partisan,Affiliation
Morning Consult,2016-07-08,2016-07-10,2016-07-11T16:42:29Z,2001,Registered Voters,Internet,38,58,5,http://elections.huffingtonpost.com/pollster/polls/morning-consult-24853,https://morningconsult.com/2016/07/11/voters-largely-unmoved-potential-vp-picks-poll-shows/,Nonpartisan,None
NBC/SurveyMonkey,2016-07-04,2016-07-10,2016-07-12T14:29:32Z,7869,Registered Voters,Internet,36,62,2,http://elections.huffingtonpost.com/pollster/polls/nbc-surveymonkey-24859,https://www.scribd.com/document/318010091/NBC-News-SurveyMonkey-Toplines-and-Methodology-7-4-7-10,Nonpartisan,None
Ipsos/Reuters,2016-07-02,2016-07-06,2016-07-07T14:25:34Z,1345,Registered Voters,Internet,41,59,,http://elections.huffingtonpost.com/pollster/polls/ipsos-reuters-24829,http://big.assets.huffingtonpost.com/2016ReutersTrackingCorePolitical7062016.pdf,Nonpartisan,None
YouGov/Economist,2016-07-02,2016-07-04,2016-07-06T14:29:45Z,1300,Adults,Internet,32,65,4,http://elections.huffingtonpost.com/pollster/polls/yougov-economist-24823,https://today.yougov.com/news/2016/07/06/clinton-maintains-her-lead-particularly-negative-r/,Nonpartisan,None
Morning Consult,2016-06-30,2016-07-04,2016-07-05T19:55:24Z,2001,Registered Voters,Internet,40,57,3,http://elections.huffingtonpost.com/pollster/polls/morning-consult-24822,https://morningconsult.com/2016/07/05/clinton-trump-nearly-tied-new-survey/,Nonpartisan,None
IBD/TIPP,2016-06-24,2016-06-29,2016-06-30T17:35:32Z,837,Registered Voters,Live Phone,37,62,1,http://elections.huffingtonpost.com/pollster/polls/ibd-tipp-24805,http://www.investors.com/politics/trump-holds-ground-against-clinton-ties-her-in-a-four-way-matchup/,Nonpartisan,None
Ipsos/Reuters,2016-06-25,2016-06-29,2016-06-30T14:40:40Z,1247,Registered Voters,Internet,39,61,,http://elections.huffingtonpost.com/pollster/polls/ipsos-reuters-24802,http://big.assets.huffingtonpost.com/2016ReutersTrackingCorePolitical.pdf,Nonpartisan,None
Suffolk/USA Today,2016-06-26,2016-06-29,2016-07-05T13:58:23Z,1000,Likely Voters,Live Phone,31,60,9,http://elections.huffingtonpost.com/pollster/polls/suffolk-usa-today-24813,http://www.suffolk.edu/academics/10741.php,Nonpartisan,None
PPP (D),2016-06-27,2016-06-28,2016-06-30T14:34:58Z,853,Likely Voters,IVR/Online,35,58,8,http://elections.huffingtonpost.com/pollster/polls/ppp-d-24801,http://www.publicpolicypolling.com/pdf/2015/PPP_Release_National_63016.pdf,Pollster,Dem
YouGov/Economist,2016-06-24,2016-06-27,2016-06-29T14:15:26Z,1300,Adults,Internet,33,66,2,http://elections.huffingtonpost.com/pollster/polls/yougov-economist-24795,https://today.yougov.com/news/2016/06/29/yougoveconomist-poll-june-24-27-2016/,Nonpartisan,None
Morning Consult,2016-06-24,2016-06-27,2016-06-27T16:04:16Z,4001,Registered Voters,Internet,39,57,4,http://elections.huffingtonpost.com/pollster/polls/morning-consult-24776,https://morningconsult.com/2016/06/27/clinton-gains-polls-voters-still-favor-trump-grow-economy/,Nonpartisan,None
Quinnipiac,2016-06-21,2016-06-27,2016-06-29T14:00:13Z,1610,Registered Voters,Live Phone,34,57,8,http://elections.huffingtonpost.com/pollster/polls/quinnipiac-24794,https://www.qu.edu/images/polling/us/us06292016_Utwkv93x.pdf,Nonpartisan,None
NBC/WSJ,2016-06-19,2016-06-23,2016-06-27T21:11:14Z,1000,Registered Voters,Live Phone,29,60,11,http://elections.huffingtonpost.com/pollster/polls/nbc-wsj-24784,https://www.scribd.com/doc/316881192/Nbcwsj-June-Poll,Nonpartisan,None
Ipsos/Reuters,2016-06-18,2016-06-22,2016-06-23T14:35:33Z,1339,Registered Voters,Internet,42,58,,http://elections.huffingtonpost.com/pollster/polls/ipsos-reuters-24752,http://big.assets.huffingtonpost.com/2016ReutersTrackingCorePolitical6222016.pdf,Nonpartisan,None
YouGov/Economist,2016-06-18,2016-06-20,2016-06-22T15:37:22Z,1300,Adults,Internet,35,61,3,http://elections.huffingtonpost.com/pollster/polls/yougov-economist-24739,https://today.yougov.com/news/2016/06/21/national-clinton-leads-trump-four/,Nonpartisan,None
Morning Consult,2016-06-15,2016-06-20,2016-06-20T20:29:18Z,3891,Registered Voters,Internet,40,57,3,http://elections.huffingtonpost.com/pollster/polls/morning-consult-24717,https://morningconsult.com/2016/06/20/poll-orlando-huge-spike-voters-concerns-security/,Nonpartisan,None
CNN,2016-06-16,2016-06-19,2016-06-21T11:23:41Z,1001,Adults,Live Phone,38,60,2,http://elections.huffingtonpost.com/pollster/polls/cnn-24723,http://i2.cdn.turner.com/cnn/2016/images/06/21/rel7b.-.2016.general.pdf,Nonpartisan,None
Gallup,2016-06-13,2016-06-19,2016-06-21T21:22:53Z,3560,Adults,Live Phone,31,64,,http://elections.huffingtonpost.com/pollster/polls/gallup-24733,http://www.gallup.com/poll/193043/trump-image-slips-clinton-holds-steady.aspx?utm_source=twitterbutton&utm_medium=twitter&utm_campaign=sharing,Nonpartisan,None
Monmouth University,2016-06-15,2016-06-19,2016-06-20T17:03:04Z,803,Registered Voters,Live Phone,28,57,15,http://elections.huffingtonpost.com/pollster/polls/monmouth-university-24712,http://www.monmouth.edu/assets/0/32212254770/32212254991/32212254992/32212254994/32212254995/30064771087/568faad2-81ab-4bd0-b373-8577326e76bd.pdf,Nonpartisan,None
Ipsos/Reuters,2016-06-11,2016-06-15,2016-06-16T15:24:10Z,1323,Registered Voters,Internet,41,59,,http://elections.huffingtonpost.com/pollster/polls/ipsos-reuters-24692,http://big.assets.huffingtonpost.com/2016ReutersTrackingCorePolitical615.pdf,Nonpartisan,None
Bloomberg/Selzer,2016-06-10,2016-06-13,2016-06-15T21:10:44Z,1000,Adults,Live Phone,31,66,3,http://elections.huffingtonpost.com/pollster/polls/bloomberg-selzer-24686,http://assets.bwbx.io/documents/users/iqjWHBFdfxIU/rEtlbMmMoNis/v0,Nonpartisan,None
CBS,2016-06-09,2016-06-13,2016-06-16T00:46:09Z,1280,Adults,Live Phone,26,58,14,http://elections.huffingtonpost.com/pollster/polls/cbs-24687,https://www.scribd.com/doc/315840399/Toplines-CBS-News-poll-Clinton-Trump,Nonpartisan,None
NBC/SurveyMonkey,2016-06-06,2016-06-12,2016-06-14T14:40:03Z,10604,Adults,Internet,37,61,2,http://elections.huffingtonpost.com/pollster/polls/nbc-surveymonkey-24667,http://www.nbcnews.com/politics/2016-election/poll-clinton-expands-lead-after-becoming-presumptive-nominee-n591531,Nonpartisan,None
ABC/Post,2016-06-08,2016-06-12,2016-06-15T11:33:42Z,1005,Adults,Live Phone,29,70,1,http://elections.huffingtonpost.com/pollster/polls/abc-post-24680,https://www.washingtonpost.com/news/the-fix/wp/2016/06/15/negative-views-of-donald-trump-just-hit-a-new-high-7-in-10-americans/,Nonpartisan,None
Morning Consult,2016-06-08,2016-06-09,2016-06-14T17:52:02Z,1362,Registered Voters,Internet,39,58,4,http://elections.huffingtonpost.com/pollster/polls/morning-consult-24673,https://morningconsult.com/2016/06/14/poll-less-half-voters-view-clintons-nomination-historic/,Nonpartisan,None
SurveyUSA/Guardian,2016-06-08,2016-06-09,2016-06-13T15:51:52Z,1408,Registered Voters,IVR/Online,36,62,2,http://elections.huffingtonpost.com/pollster/polls/surveyusa-guardian-24656,http://www.surveyusa.com/client/PollReport.aspx?g=16a737fe-f202-42b4-965f-e76b137ba826,Nonpartisan,None
FOX,2016-06-05,2016-06-08,2016-06-09T22:08:00Z,1004,Registered Voters,Live Phone,40,58,2,http://elections.huffingtonpost.com/pollster/polls/fox-24646,http://www.foxnews.com/politics/2016/06/09/fox-news-poll-trump-drops-now-trails-clinton.html,Nonpartisan,None
Ipsos/Reuters,2016-06-04,2016-06-08,2016-06-09T15:29:06Z,1440,Registered Voters,Internet,40,60,,http://elections.huffingtonpost.com/pollster/polls/ipsos-reuters-24644,http://big.assets.huffingtonpost.com/2016ReutersTrackingCorePolitical6082016.pdf,Nonpartisan,None
YouGov/Economist,2016-06-02,2016-06-05,2016-06-07T16:29:14Z,2000,Adults,Internet,36,61,3,http://elections.huffingtonpost.com/pollster/polls/yougov-economist-24633,https://today.yougov.com/news/2016/06/06/sanders-supporters-expect-win-california-not-phila/,Nonpartisan,None
IBD/TIPP,2016-05-31,2016-06-05,2016-06-06T20:02:49Z,828,Registered Voters,Live Phone,35,63,1,http://elections.huffingtonpost.com/pollster/polls/ibd-tipp-24625,http://www.investors.com/wp-content/uploads/2016/06/ibdtipp-Tables_June2016_Posting-1.pdf,Nonpartisan,None
Morning Consult,2016-06-01,2016-06-05,2016-06-07T14:20:46Z,4002,Registered Voters,Internet,38,57,4,http://elections.huffingtonpost.com/pollster/polls/morning-consult-24629,https://morningconsult.com/2016/06/07/poll-ryan-endorsement-doesnt-help-trump-independents/,Nonpartisan,None
Ipsos/Reuters,2016-05-28,2016-06-01,2016-06-02T15:20:28Z,1271,Registered Voters,Internet,40,60,,http://elections.huffingtonpost.com/pollster/polls/ipsos-reuters-24596,http://big.assets.huffingtonpost.com/2016ReutersTrackingCorePolitical60116.pdf,Nonpartisan,None
Quinnipiac,2016-05-24,2016-05-30,2016-06-01T12:56:33Z,1561,Registered Voters,Live Phone,34,59,6,http://elections.huffingtonpost.com/pollster/polls/quinnipiac-24586,https://www.qu.edu/images/polling/us/us06012016_Ugb28vf.pdf,Nonpartisan,None
Morning Consult,2016-05-24,2016-05-30,2016-06-01T15:20:58Z,4002,Registered Voters,Internet,38,58,4,http://elections.huffingtonpost.com/pollster/polls/morning-consult-24589,https://morningconsult.com/2016/06/01/poll-democrats-want-sanders-stay-race/,Nonpartisan,None
Ipsos/Reuters,2016-05-21,2016-05-25,2016-05-26T14:36:36Z,1271,Registered Voters,Internet,42,58,,http://elections.huffingtonpost.com/pollster/polls/ipsos-reuters-24559,http://big.assets.huffingtonpost.com/2016ReutersTracking5252016.pdf,Nonpartisan,None
YouGov/Economist,2016-05-20,2016-05-23,2016-05-25T20:43:06Z,1997,Adults,Internet,36,61,3,http://elections.huffingtonpost.com/pollster/polls/yougov-economist-24557,https://today.yougov.com/news/2016/05/25/clinton-expands-her-primary-lead-sanders-supporter/,Nonpartisan,None
Morning Consult,2016-05-19,2016-05-23,2016-05-24T15:12:23Z,2001,Registered Voters,Internet,39,57,4,http://elections.huffingtonpost.com/pollster/polls/morning-consult-24544,https://morningconsultintelligence.com/media/mc/160507_topline_trend_v2_AP.pdf,Nonpartisan,None
Gallup,2016-05-01,2016-05-22,2016-05-25T19:46:37Z,10598,Adults,Live Phone,33,60,,http://elections.huffingtonpost.com/pollster/polls/gallup-24555,http://www.gallup.com/poll/191825/hillary-clinton-maintains-image-advantage-donald-trump.aspx,Nonpartisan,None
ABC/Post,2016-05-16,2016-05-19,2016-05-22T15:35:17Z,1005,Adults,Live Phone,37,60,3,http://elections.huffingtonpost.com/pollster/polls/abc-post-24526,https://www.washingtonpost.com/page/2010-2019/WashingtonPost/2016/05/22/National-Politics/Polling/release_426.xml?uuid=v4d0jh_REeaCwqfcsxMofQ,Nonpartisan,None
NBC/WSJ,2016-05-15,2016-05-19,2016-05-22T15:22:23Z,1000,Registered Voters,Live Phone,29,58,13,http://elections.huffingtonpost.com/pollster/polls/nbc-wsj-24525,http://www.wsj.com/public/resources/documents/16306NBCWSJMay2016Poll.pdf,Nonpartisan,None
Schoen (D),2016-05-16,2016-05-19,2016-05-22T17:13:42Z,1000,Likely Voters,Live Phone,35,59,6,http://elections.huffingtonpost.com/pollster/polls/schoen-d-24527,http://big.assets.huffingtonpost.com/POTUSSCHOEN5.20.16topline.pdf,Pollster,Dem
Ipsos/Reuters,2016-05-14,2016-05-18,2016-05-19T18:33:20Z,1397,Registered Voters,Internet,46,54,,http://elections.huffingtonpost.com/pollster/polls/ipsos-reuters-24517,http://big.assets.huffingtonpost.com/2016ReutersTrackingCorePolitical5182016.pdf,Nonpartisan,None
CBS/Times,2016-05-13,2016-05-17,2016-05-19T15:43:52Z,1300,Adults,Live Phone,26,55,19,http://elections.huffingtonpost.com/pollster/polls/cbs-times-24513,http://www.nytimes.com/interactive/2016/05/19/us/politics/poll-presidential-race.html,Nonpartisan,None
Fox News,2016-05-14,2016-05-17,2016-05-18T22:13:53Z,1021,Registered Voters,Live Phone,41,56,3,http://elections.huffingtonpost.com/pollster/polls/fox-news-24512,http://www.foxnews.com/politics/interactive/2016/05/18/fox-news-poll-2016-national-release-may-18/,Nonpartisan,None
McLaughlin (R),2016-05-11,2016-05-16,2016-05-18T16:52:49Z,1000,Likely Voters,Internet,37,60,3,http://elections.huffingtonpost.com/pollster/polls/mclaughlin-r-24510,http://c5.nrostatic.com/sites/default/files/National%20-%20McLaughlin%20-%205-16-16%20Presentation%20-%20NEW%20SPECIAL.pdf,Pollster,Rep
NBC/SurveyMonkey,2016-05-09,2016-05-15,2016-05-17T14:03:29Z,14100,Adults,Internet,37,62,1,http://elections.huffingtonpost.com/pollster/polls/nbc-surveymonkey-24497,http://www.nbcnews.com/politics/2016-election/hillary-clinton-holds-slim-national-lead-over-donald-trump-poll-n574901,Nonpartisan,None
Morning Consult,2016-05-11,2016-05-15,2016-05-17T14:50:29Z,3971,Registered Voters,Internet,39,57,4,http://elections.huffingtonpost.com/pollster/polls/morning-consult-24498,https://morningconsult.com/2016/05/poll-trump-barely-leads-trump-nationally/,Nonpartisan,None
Ipsos/Reuters,2016-05-07,2016-05-11,2016-05-14T15:49:30Z,1397,Registered Voters,Internet,43,57,,http://elections.huffingtonpost.com/pollster/polls/ipsos-reuters-24487,http://www.ipsos-na.com/download/pr.aspx?id=15581,Nonpartisan,None
YouGov/Economist,2016-05-06,2016-05-09,2016-05-11T17:46:34Z,2000,Adults,Internet,35,61,4,http://elections.huffingtonpost.com/pollster/polls/yougov-economist-24478,https://today.yougov.com/news/2016/05/11/most-republicans-think-ryan-should-endorse-trump/,Nonpartisan,None
Morning Consult,2016-05-05,2016-05-09,2016-05-11T15:59:36Z,6005,Registered Voters,Internet,38,58,4,http://elections.huffingtonpost.com/pollster/polls/morning-consult-24474,https://morningconsult.com/2016/05/hillary-clinton-donald-trump-general-election-polling/,Nonpartisan,None
PPP (D),2016-05-06,2016-05-09,2016-05-10T14:17:04Z,1222,Likely Voters,IVR/Online,34,61,6,http://elections.huffingtonpost.com/pollster/polls/ppp-d-24466,http://www.publicpolicypolling.com/pdf/2015/PPP_Release_National_51016.pdf,Pollster,Dem
PPP (D),2016-05-04,2016-05-05,2016-05-09T14:54:57Z,884,Likely Voters,IVR/Online,35,55,9,http://elections.huffingtonpost.com/pollster/polls/ppp-d-24455,http://www.publicpolicypolling.com/pdf/2015/NationalSupremeCourtPollMay2016.pdf,Pollster,Dem
Morning Consult,2016-04-29,2016-05-02,2016-05-03T14:47:06Z,1976,Registered Voters,Internet,39,56,4,http://elections.huffingtonpost.com/pollster/polls/morning-consult-24431,https://morningconsult.com/2016/05/donald-trump-hits-new-high-among-gop-voters/,Nonpartisan,None
CNN,2016-04-28,2016-05-01,2016-05-04T13:43:46Z,1001,Adults,Live Phone,39,57,3,http://elections.huffingtonpost.com/pollster/polls/cnn-24438,http://i2.cdn.turner.com/cnn/2016/images/05/04/rel6b.-.2016.general.pdf,Nonpartisan,None
Morning Consult,2016-04-26,2016-04-29,2016-04-29T17:28:54Z,1964,Registered Voters,Internet,36,60,5,http://elections.huffingtonpost.com/pollster/polls/morning-consult-24408,https://morningconsult.com/2016/04/poll-kasich-gops-favorite-second-choice/,Nonpartisan,None
IBD/TIPP,2016-04-22,2016-04-28,2016-05-01T19:16:05Z,814,Registered Voters,Live Phone,36,62,2,http://elections.huffingtonpost.com/pollster/polls/ibd-tipp-24414,http://www.investors.com/politics/trump-gains-ground-on-clinton-but-both-have-sky-high-negatives/,Nonpartisan,None
YouGov/Economist,2016-04-22,2016-04-26,2016-04-27T21:51:24Z,2000,Adults,Internet,33,63,3,http://elections.huffingtonpost.com/pollster/polls/yougov-economist-24390,https://today.yougov.com/news/2016/04/27/yougov-economist-poll-april-22-26-2016/,Nonpartisan,None
Suffolk/USA Today,2016-04-20,2016-04-24,2016-04-25T19:13:35Z,1000,Likely Voters,Live Phone,28,61,11,http://elections.huffingtonpost.com/pollster/polls/suffolk-usa-today-24356,http://www.suffolk.edu/academics/10741.php,Nonpartisan,None
Morning Consult,2016-04-20,2016-04-22,2016-04-29T18:17:35Z,2003,Registered Voters,Internet,40,56,2,http://elections.huffingtonpost.com/pollster/polls/morning-consult-24410,https://morningconsultintelligence.com/media/mc/160407_topline_trend_v5_KD.pdf,Nonpartisan,None
GWU/Battleground,2016-04-17,2016-04-20,2016-04-25T14:20:12Z,1000,Likely Voters,Live Phone,32,65,3,http://elections.huffingtonpost.com/pollster/polls/gwu-battleground-24342,https://mediarelations.gwu.edu/americans-overwhelmingly-engaged-2016-election-tone-race-affecting-voters-new-gw-battleground-poll,Nonpartisan,None
Morning Consult,2016-04-15,2016-04-17,2016-04-18T19:24:26Z,2032,Registered Voters,Internet,36,61,3,http://elections.huffingtonpost.com/pollster/polls/morning-consult-24302,https://morningconsult.com/2016/04/bernie-sanders-hillary-clinton-democratic-presidential-poll/,Nonpartisan,None
NBC/WSJ,2016-04-10,2016-04-14,2016-04-18T21:05:54Z,1000,Registered Voters,Live Phone,24,65,11,http://elections.huffingtonpost.com/pollster/polls/nbc-wsj-24305,http://msnbcmedia.msn.com/i/MSNBC/Sections/A_Politics/16229%20NBCWSJ%20April%20Poll.pdf,Nonpartisan,None
CBS,2016-04-08,2016-04-12,2016-04-14T14:30:14Z,1098,Registered Voters,Live Phone,25,63,12,http://elections.huffingtonpost.com/pollster/polls/cbs-24275,http://www.cbsnews.com/news/cbs-news-poll-donald-trump-holds-onto-national-lead/,Nonpartisan,None
YouGov/Economist,2016-04-08,2016-04-11,2016-04-13T15:34:28Z,1997,Adults,Internet,34,63,3,http://elections.huffingtonpost.com/pollster/polls/yougov-economist-24266,https://today.yougov.com/news/2016/04/13/tale-two-conventions/,Nonpartisan,None
Morning Consult,2016-04-08,2016-04-11,2016-04-19T17:22:39Z,4015,Registered Voters,Internet,36,60,4,http://elections.huffingtonpost.com/pollster/polls/morning-consult-24311,https://morningconsultintelligence.com/media/mc/160403_topline_trend_v2_AP.pdf,Nonpartisan,None
ABC/Post,2016-04-06,2016-04-10,2016-04-14T14:08:52Z,1010,Adults,Live Phone,31,67,2,http://elections.huffingtonpost.com/pollster/polls/abc-post-24273,https://www.washingtonpost.com/news/the-fix/wp/2016/04/14/republicans-like-donald-trump-and-ted-cruz-the-general-public-doesnt/,Nonpartisan,None
AP-GfK (web),2016-03-31,2016-04-04,2016-04-07T19:01:11Z,1076,Adults,Internet,26,69,5,http://elections.huffingtonpost.com/pollster/polls/ap-gfk-web-24229,http://ap-gfkpoll.com/main/wp-content/uploads/2016/04/March-2016-AP-GfK-Poll-FINAL_Clinton.pdf,Nonpartisan,None
Public Religion Research Institute/The Atlantic,2016-03-30,2016-04-03,2016-04-07T18:27:31Z,2033,Adults,Live Phone,24,70,6,http://elections.huffingtonpost.com/pollster/polls/public-religion-research-institute-the-atlantic-24228,http://publicreligion.org/site/wp-content/uploads/2016/04/PRRI-The-Atlantic-Poll-Topline-FINAL.pdf,Nonpartisan,None
Morning Consult,2016-04-01,2016-04-03,2016-04-05T13:18:16Z,2004,Registered Voters,Internet,37,60,4,http://elections.huffingtonpost.com/pollster/polls/morning-consult-24207,https://morningconsult.com/2016/04/donald-trump-polling-abortion-comments/,Nonpartisan,None
YouGov/Economist,2016-03-26,2016-03-29,2016-03-31T20:35:54Z,1997,Adults,Internet,35,62,3,http://elections.huffingtonpost.com/pollster/polls/yougov-economist-24181,https://today.yougov.com/news/2016/03/31/trump-still-leads/,Nonpartisan,None
Morning Consult,2016-03-24,2016-03-26,2016-03-28T17:06:25Z,2071,Registered Voters,Internet,36,60,4,http://elections.huffingtonpost.com/pollster/polls/morning-consult-24158,https://morningconsult.com/2016/03/security-issues-rise-after-brussels-attacks/,Nonpartisan,None
PPP (D),2016-03-24,2016-03-26,2016-03-31T18:05:23Z,1083,Likely Voters,IVR/Online,29,63,8,http://elections.huffingtonpost.com/pollster/polls/ppp-d-24178,http://www.publicpolicypolling.com/pdf/2015/PPP_Release_National_33116.pdf,Pollster,Dem
GQR (D-Democracy Corps/Women's Voices Women Vote),2016-03-17,2016-03-24,2016-04-01T18:06:29Z,900,Likely Voters,Live Phone,28,62,,http://elections.huffingtonpost.com/pollster/polls/gqr-d-democracy-corps-women-s-voices-women-vote-24187,http://www.democracycorps.com/attachments/article/1029/Dcor_March%20National_Memo_4.1.2016_FOR%20RELEASE.pdf?ct=t%28WV+March+National+Poll+Release%29,Pollster,Dem
McLaughlin (R),2016-03-17,2016-03-23,2016-03-29T18:06:35Z,1002,Likely Voters,Internet,33,65,3,http://elections.huffingtonpost.com/pollster/polls/mclaughlin-r-24168,http://mclaughlinonline.com/pols/wp-content/uploads/2016/03/National-Omnibus-3-23-16-Topline-Public.pdf,Pollster,Rep
Bloomberg/Selzer,2016-03-19,2016-03-22,2016-03-23T21:46:55Z,1000,Adults,Live Phone,29,68,3,http://elections.huffingtonpost.com/pollster/polls/bloomberg-selzer-24140,http://assets.bwbx.io/documents/users/iqjWHBFdfxIU/r.f2qF2GAiq8/v0,Nonpartisan,None
FOX,2016-03-20,2016-03-22,2016-03-23T22:19:32Z,1016,Registered Voters,Live Phone,31,65,4,http://elections.huffingtonpost.com/pollster/polls/fox-24141,http://www.foxnews.com/politics/interactive/2016/03/23/fox-news-poll-national-general-election-32316/,Nonpartisan,None
Morning Consult,2016-03-18,2016-03-21,2016-03-21T19:05:11Z,2001,Registered Voters,Internet,34,62,3,http://elections.huffingtonpost.com/pollster/polls/morning-consult-24122,https://morningconsult.com/2016/03/paul-ryan-general-election-polling-hillary-clinton-bernie-sanders/,Nonpartisan,None
Quinnipiac,2016-03-16,2016-03-21,2016-03-23T11:19:56Z,1451,Registered Voters,Live Phone,33,61,6,http://elections.huffingtonpost.com/pollster/polls/quinnipiac-24134,http://www.quinnipiac.edu/news-and-events/quinnipiac-university-poll/national/release-detail?ReleaseID=2333,Nonpartisan,None
CNN,2016-03-17,2016-03-20,2016-03-24T16:25:09Z,1001,Adults,Live Phone,31,67,2,http://elections.huffingtonpost.com/pollster/polls/cnn-24146,http://i2.cdn.turner.com/cnn/2016/images/03/24/march.poll.pdf,Nonpartisan,None
CBS/Times,2016-03-17,2016-03-20,2016-03-22T02:44:13Z,1058,Registered Voters,Live Phone,24,57,19,http://elections.huffingtonpost.com/pollster/polls/cbs-times-24128,http://www.scribd.com/doc/305549318/3-21-16-CBS-NYT-Gen-Elect-Toplines,Nonpartisan,None
Monmouth University,2016-03-17,2016-03-20,2016-03-24T14:57:21Z,848,Registered Voters,Live Phone,30,60,11,http://elections.huffingtonpost.com/pollster/polls/monmouth-university-24144,http://www.monmouth.edu/assets/0/32212254770/32212254991/32212254992/32212254994/32212254995/30064771087/7714a05b-515f-4ad3-bdaa-e72a6e5f8e61.pdf,Nonpartisan,None
Morning Consult,2016-03-16,2016-03-18,2016-03-18T17:59:58Z,2011,Registered Voters,Internet,37,58,5,http://elections.huffingtonpost.com/pollster/polls/morning-consult-24111,https://morningconsult.com/2016/03/cruz-edges-closer-to-trump-new-presidential-poll/?utm_content=31597007&utm_medium=social&utm_source=twitter,Nonpartisan,None
Morning Consult,2016-03-11,2016-03-13,2016-03-14T17:45:27Z,4027,Registered Voters,Internet,35,60,5,http://elections.huffingtonpost.com/pollster/polls/morning-consult-24088,https://morningconsult.com/2016/03/bernie-sanders-hillary-clinton-donald-trump-ted-cruz-presidential-polling/,Nonpartisan,None
YouGov/Economist,2016-03-10,2016-03-12,2016-03-14T17:17:34Z,1998,Adults,Internet,36,61,3,http://elections.huffingtonpost.com/pollster/polls/yougov-economist-24084,https://today.yougov.com/news/2016/03/14/trump-rises-national-support-rubio-falls-and-carso/,Nonpartisan,None
ABC/Post,2016-03-03,2016-03-06,2016-03-08T12:06:27Z,1000,Adults,Live Phone,30,67,3,http://elections.huffingtonpost.com/pollster/polls/abc-post-24009,http://apps.washingtonpost.com/g/page/politics/washington-post-abc-news-national-poll-march-3-6-2016/1982/,Nonpartisan,None
NBC/SurveyMonkey,2016-02-29,2016-03-06,2016-03-08T11:30:08Z,21996,Adults,Internet,32,67,1,http://elections.huffingtonpost.com/pollster/polls/nbc-surveymonkey-24008,https://www.scribd.com/doc/302999656/NBC-News-SurveyMonkey-Toplines-and-Methodology-2-29-3-6?secret_password=RqOsJk7HFnKkgH03TY1h,Nonpartisan,None
Morning Consult,2016-03-04,2016-03-06,2016-03-08T15:38:21Z,2019,Registered Voters,Internet,36,61,4,http://elections.huffingtonpost.com/pollster/polls/morning-consult-24011,http://morningconsult.com/2016/03/poll-ted-cruz-closes-gap-on-donald-trump/,Nonpartisan,None
NBC/WSJ,2016-03-03,2016-03-06,2016-03-08T22:13:19Z,1200,Registered Voters,Live Phone,25,64,11,http://elections.huffingtonpost.com/pollster/polls/nbc-wsj-24016,http://www.nbcnews.com/politics/2016-election/trump-cruz-locked-tight-race-nationally-new-poll-n534171,Nonpartisan,None
Gallup,2016-02-26,2016-03-03,2016-03-05T19:31:39Z,,Adults,Live Phone,30,63,,http://elections.huffingtonpost.com/pollster/polls/gallup-23988,http://www.gallup.com/opinion/polling-matters/189779/trump-popularity-context.aspx,Nonpartisan,None
YouGov/Economist,2016-02-24,2016-02-27,2016-02-28T23:08:26Z,1988,Adults,Internet,36,59,5,http://elections.huffingtonpost.com/pollster/polls/yougov-economist-23910,https://today.yougov.com/news/2016/02/28/3-4-republican-primary-voters-now-expect-trump-nom/,Nonpartisan,None
Morning Consult,2016-02-26,2016-02-27,2016-02-29T17:19:46Z,2002,Registered Voters,Internet,40,56,5,http://elections.huffingtonpost.com/pollster/polls/morning-consult-23918,http://morningconsult.com/2016/02/donald-trump-marco-rubio-super-tuesday-polling/,Nonpartisan,None
CNN,2016-02-24,2016-02-27,2016-03-01T14:22:05Z,920,Registered Voters,Live Phone,37,60,2,http://elections.huffingtonpost.com/pollster/polls/cnn-23952,http://i2.cdn.turner.com/cnn/2016/images/02/29/rel4b.-.2016.general.pdf,Nonpartisan,None
McLaughlin (R),2016-02-11,2016-02-17,2016-02-26T21:51:10Z,1000,Likely Voters,Internet,35,62,3,http://elections.huffingtonpost.com/pollster/polls/mclaughlin-r-23899,http://mclaughlinonline.com/pols/wp-content/uploads/2016/02/National-Omnibus-2-17-16-TOPLINE-Public.pdf,Pollster,Rep
Morning Consult,2016-02-15,2016-02-16,2016-02-17T11:44:02Z,1763,Registered Voters,Internet,39,55,6,http://elections.huffingtonpost.com/pollster/polls/morning-consult-23766,http://morningconsult.com/2016/02/trump-drops-slightly-clinton-holds-steady-in-new-poll/,Nonpartisan,None
NBC/WSJ,2016-02-14,2016-02-16,2016-02-18T22:10:10Z,800,Registered Voters,Live Phone,28,59,13,http://elections.huffingtonpost.com/pollster/polls/nbc-wsj-23801,https://www.scribd.com/doc/299690763/NBCNews-WSJ-February-Poll?secret_password=Mf2CgQ8zDGpLW73pfCoJ,Nonpartisan,None
AP-GfK (web),2016-02-11,2016-02-15,2016-02-21T15:00:28Z,1033,Adults,Internet,32,58,10,http://elections.huffingtonpost.com/pollster/polls/ap-gfk-web-23821,http://ap-gfkpoll.com/main/wp-content/uploads/2016/02/AP-GfK_Poll_February-2016-topline_Republicans.pdf,Nonpartisan,None
YouGov/Economist,2016-02-11,2016-02-15,2016-02-18T16:28:27Z,1977,Adults,Internet,38,57,6,http://elections.huffingtonpost.com/pollster/polls/yougov-economist-23794,https://today.yougov.com/news/2016/02/18/trump-dominates-gop-field-nationally-kasich-gains/,Nonpartisan,None
Quinnipiac,2016-02-10,2016-02-15,2016-02-18T15:18:37Z,1342,Registered Voters,Live Phone,37,57,6,http://elections.huffingtonpost.com/pollster/polls/quinnipiac-23790,http://www.quinnipiac.edu/images/polling/us/us02182016_Urpfd42.pdf,Nonpartisan,None
Morning Consult,2016-02-10,2016-02-11,2016-02-12T15:34:31Z,1600,Registered Voters,Internet,44,51,5,http://elections.huffingtonpost.com/pollster/polls/morning-consult-23744,http://morningconsult.com/2016/02/donald-trump-bernie-sanders-national-polling/,Nonpartisan,None
Morning Consult,2016-02-03,2016-02-07,2016-02-09T22:39:37Z,4287,Registered Voters,Internet,40,54,6,http://elections.huffingtonpost.com/pollster/polls/morning-consult-23731,http://morningconsult.com/2016/02/poll-cruz-rubio-gain-heading-to-new-hampshire/,Nonpartisan,None
YouGov/Economist,2016-02-03,2016-02-04,2016-02-05T21:52:39Z,1000,Adults,Internet,35,61,3,http://elections.huffingtonpost.com/pollster/polls/yougov-economist-23689,https://d25d2506sfb94s.cloudfront.net/cumulus_uploads/document/kjfab8jwpo/tabs_HP_OP_Presidential_Primary_20160204.pdf,Nonpartisan,None
Quinnipiac,2016-02-02,2016-02-04,2016-02-05T12:41:40Z,1125,Registered Voters,Live Phone,34,59,7,http://elections.huffingtonpost.com/pollster/polls/quinnipiac-23675,http://www.quinnipiac.edu/news-and-events/quinnipiac-university-poll/national/release-detail?ReleaseID=2321,Nonpartisan,None
Morning Consult,2016-02-02,2016-02-03,2016-02-03T19:49:33Z,1508,Registered Voters,Internet,39,53,8,http://elections.huffingtonpost.com/pollster/polls/morning-consult-23659,https://morningconsult.com/2016/02/bernie-sanders-marco-rubio-ted-cruz-rise-after-iowa//,Nonpartisan,None
PPP (D),2016-02-02,2016-02-03,2016-02-09T17:00:29Z,1236,Likely Voters,IVR/Online,30,63,7,http://elections.huffingtonpost.com/pollster/polls/ppp-d-23727,http://www.publicpolicypolling.com/pdf/2015/2016results.pdf,Pollster,Dem
Morning Consult,2016-01-29,2016-02-01,2016-02-01T21:20:47Z,3739,Registered Voters,Internet,39,56,6,http://elections.huffingtonpost.com/pollster/polls/morning-consult-23648,http://morningconsult.com/2016/02/donald-trump-poll-numbers-iowa-caucuses/,Nonpartisan,None
YouGov/Economist,2016-01-27,2016-01-30,2016-02-02T21:05:23Z,2000,Adults,Internet,36,58,6,http://elections.huffingtonpost.com/pollster/polls/yougov-economist-23654,https://d25d2506sfb94s.cloudfront.net/cumulus_uploads/document/yga7thfd97/econToplines.pdf,Nonpartisan,None
CNN,2016-01-21,2016-01-24,2016-01-26T12:30:45Z,1002,Adults,Live Phone,40,55,4,http://elections.huffingtonpost.com/pollster/polls/cnn-23592,http://www.cnn.com/2016/01/26/politics/poll-republicans-results-cnn-orc/index.html,Nonpartisan,None
Public Religion Research Institute,2016-01-20,2016-01-24,2016-01-28T00:32:10Z,1009,Adults,Live Phone,31,64,5,http://elections.huffingtonpost.com/pollster/polls/public-religion-research-institute-23613,http://publicreligion.org/research/2016/01/survey-trump-gains-ground-with-white-evangelical-voters-solidifies-lead-with-republican-voters-nationwide/#.VqlgIDYdXdl,Nonpartisan,None
Morning Consult,2016-01-21,2016-01-24,2016-01-26T20:19:29Z,1405,Registered Voters,Internet,38,56,6,http://elections.huffingtonpost.com/pollster/polls/morning-consult-23600,http://big.assets.huffingtonpost.com/160103_topline_trend_v4_TS.pdf,Nonpartisan,None
YouGov/Economist,2016-01-15,2016-01-19,2016-01-21T21:25:57Z,2000,Adults,Internet,40,54,5,http://elections.huffingtonpost.com/pollster/polls/yougov-economist-23553,https://today.yougov.com/news/2016/01/21/trump-cruz-battle-donald-trump-still-leads/,Nonpartisan,None
Morning Consult,2016-01-14,2016-01-17,2016-01-19T19:11:34Z,4060,Registered Voters,Internet,42,52,6,http://elections.huffingtonpost.com/pollster/polls/morning-consult-23526,http://morningconsult.com/wp-content/uploads/2016/01/160102_Topline-Trend.pdf,Nonpartisan,None
ABC/Post,2016-01-06,2016-01-10,2016-01-13T12:13:11Z,1000,Adults,Live Phone,35,62,3,http://elections.huffingtonpost.com/pollster/polls/abc-post-23491,http://apps.washingtonpost.com/g/page/politics/washington-post-abc-news-poll-jan-6-10-2015/1933/,Nonpartisan,None
Morning Consult,2016-01-08,2016-01-10,2016-01-14T16:33:59Z,2173,Registered Voters,Internet,43,52,6,http://elections.huffingtonpost.com/pollster/polls/morning-consult-23500,http://big.assets.huffingtonpost.com/160101crosstabstrend.pdf,Nonpartisan,None
YouGov/Economist,2015-12-31,2016-01-06,2016-01-10T22:15:48Z,2000,Adults,Internet,39,54,7,http://elections.huffingtonpost.com/pollster/polls/yougov-economist-23466,https://d25d2506sfb94s.cloudfront.net/cumulus_uploads/document/kkv0bg7tc3/econTabReport.pdf,Nonpartisan,None
YouGov/Economist,2015-12-18,2015-12-21,2015-12-28T15:24:54Z,2000,Adults,Internet,38,56,7,http://elections.huffingtonpost.com/pollster/polls/yougov-economist-23415,https://d25d2506sfb94s.cloudfront.net/cumulus_uploads/document/u2bkqtsd3k/econToplines.pdf,Nonpartisan,None
CNN,2015-12-17,2015-12-21,2015-12-23T12:12:21Z,1018,Adults,Live Phone,39,57,3,http://elections.huffingtonpost.com/pollster/polls/cnn-23404,http://i2.cdn.turner.com/cnn/2015/images/12/22/cnnpoll.pdf,Nonpartisan,None
Emerson College Polling Society,2015-12-17,2015-12-20,2015-12-21T16:37:14Z,754,Registered Voters,Automated Phone,35,54,12,http://elections.huffingtonpost.com/pollster/polls/emerson-college-polling-society-23395,http://media.wix.com/ugd/3bebb2_b85d13974aeb4901bd68916b963cea3c.pdf,Nonpartisan,None
Quinnipiac,2015-12-16,2015-12-20,2015-12-22T14:45:28Z,1140,Registered Voters,Live Phone,33,59,8,http://elections.huffingtonpost.com/pollster/polls/quinnipiac-23400,http://www.quinnipiac.edu/images/polling/us/us12222015_Uhkm63g.pdf,Nonpartisan,None
PPP (D),2015-12-16,2015-12-17,2015-12-21T17:15:45Z,1267,Likely Voters,IVR/Online,35,56,9,http://elections.huffingtonpost.com/pollster/polls/ppp-d-23396,http://www.publicpolicypolling.com/pdf/2015/PPP_Release_National_122115.pdf,Pollster,Dem
Morning Consult,2015-12-11,2015-12-15,2015-12-15T20:45:27Z,4038,Registered Voters,Internet,41,52,7,http://elections.huffingtonpost.com/pollster/polls/morning-consult-23333,http://big.assets.huffingtonpost.com/151203crosstabstrendTS.pdf,Nonpartisan,None
NBC/WSJ,2015-12-06,2015-12-09,2015-12-14T13:45:41Z,1000,Adults,Live Phone,27,59,14,http://elections.huffingtonpost.com/pollster/polls/nbc-wsj-23315,http://msnbcmedia.msn.com/i/MSNBC/Sections/A_Politics/15564%20NBCWSJ%20December%20Poll%20(AM%2012-14-15%20Release).pdf,Nonpartisan,None
YouGov/Economist,2015-12-04,2015-12-09,2015-12-10T21:41:27Z,2000,Adults,Internet,39,55,7,http://elections.huffingtonpost.com/pollster/polls/yougov-economist-23302,https://d25d2506sfb94s.cloudfront.net/cumulus_uploads/document/xc6vxh6xkf/econToplines.pdf,Nonpartisan,None
Bloomberg/Purple Strategies,2015-12-08,2015-12-08,2015-12-11T21:29:11Z,605,Likely Voters,Internet,33,64,,http://elections.huffingtonpost.com/pollster/polls/bloomberg-purple-strategies-23306,https://www.scribd.com/doc/292796480/Bloomberg-Politics-Purple-Strategies-Trump-poll,Nonpartisan,None
AP-GfK (web),2015-12-03,2015-12-07,2015-12-15T04:53:13Z,1007,Adults,Internet,30,58,12,http://elections.huffingtonpost.com/pollster/polls/ap-gfk-web-23325,http://ap-gfkpoll.com/main/wp-content/uploads/2015/12/AP-GfK_Poll_December-2015-Final-topline_GOP.pdf,Nonpartisan,None
Morning Consult,2015-12-03,2015-12-07,2015-12-08T22:24:57Z,2047,Registered Voters,Internet,46,48,6,http://elections.huffingtonpost.com/pollster/polls/morning-consult-23281,http://big.assets.huffingtonpost.com/151201crosstabstrend_AP.pdf,Nonpartisan,None
Suffolk/USA Today,2015-12-02,2015-12-06,2015-12-08T20:23:37Z,1000,Likely Voters,Live Phone,30,60,10,http://elections.huffingtonpost.com/pollster/polls/suffolk-usa-today-23278,http://www.suffolk.edu/academics/10741.php,Nonpartisan,None
MSNBC/Telemundo/Marist,2015-11-15,2015-12-02,2015-12-07T20:25:31Z,3121,Adults,Live Phone,27,55,3,http://elections.huffingtonpost.com/pollster/polls/msnbc-telemundo-marist-23269,http://msnbcmedia.msn.com/i/MSNBC/Sections/A_Politics/MSNBC_Telemundo_Marist%20Poll_National%20Annotated%20Questionnaire_December%202015.pdf,Nonpartisan,None
Quinnipiac,2015-11-23,2015-11-30,2015-12-02T12:04:16Z,1453,Registered Voters,Live Phone,35,57,8,http://elections.huffingtonpost.com/pollster/polls/quinnipiac-23247,http://www.quinnipiac.edu/news-and-events/quinnipiac-university-poll/national/release-detail?ReleaseID=2307,Nonpartisan,None
YouGov/Economist,2015-11-19,2015-11-23,2015-11-25T16:07:28Z,2000,Adults,Internet,38,55,7,http://elections.huffingtonpost.com/pollster/polls/yougov-economist-23236,https://d25d2506sfb94s.cloudfront.net/cumulus_uploads/document/lz22bazbpo/econToplines.pdf,Nonpartisan,None
Bloomberg/Selzer,2015-11-15,2015-11-17,2015-11-19T17:27:19Z,1002,Adults,Live Phone,34,61,5,http://elections.huffingtonpost.com/pollster/polls/bloomberg-selzer-23179,http://www.scribd.com/doc/290373723/Bloomberg-Politics-National-Poll-GOP-Nov-19-2015,Nonpartisan,None
PPP (D),2015-11-16,2015-11-17,2015-11-19T15:33:58Z,1360,Likely Voters,IVR/Online,34,55,11,http://elections.huffingtonpost.com/pollster/polls/ppp-d-23175,http://www.publicpolicypolling.com/pdf/2015/PPP_Release_National_111915.pdf,Pollster,Dem
Morning Consult,2015-11-13,2015-11-16,2015-11-17T15:45:58Z,2001,Registered Voters,Internet,42,52,6,http://elections.huffingtonpost.com/pollster/polls/morning-consult-23158,http://big.assets.huffingtonpost.com/151104crosstabstrend.pdf,Nonpartisan,None
Public Religion Research Institute,2015-11-06,2015-11-10,2015-11-23T16:21:55Z,1010,Adults,Live Phone,27,65,8,http://elections.huffingtonpost.com/pollster/polls/public-religion-research-institute-23214,http://big.assets.huffingtonpost.com/AVS-2015-Election-Supplement-Topline.pdf,Nonpartisan,None
YouGov/Economist,2015-11-05,2015-11-09,2015-11-10T19:47:52Z,2000,Adults,Internet,38,54,8,http://elections.huffingtonpost.com/pollster/polls/yougov-economist-23109,https://d25d2506sfb94s.cloudfront.net/cumulus_uploads/document/1hhz66took/econToplines.pdf,Nonpartisan,None
ABC/Post,2015-11-04,2015-11-08,2015-11-10T20:41:04Z,1023,Adults,Live Phone,38,59,3,http://elections.huffingtonpost.com/pollster/polls/abc-post-23111,http://apps.washingtonpost.com/g/page/politics/washington-post-abc-news-poll-nov-4-8-2015/1869/,Nonpartisan,None
Morning Consult,2015-11-05,2015-11-08,2015-11-10T17:55:28Z,4002,Registered Voters,Internet,43,49,7,http://elections.huffingtonpost.com/pollster/polls/morning-consult-23107,http://big.assets.huffingtonpost.com/151102crosstabstrend.pdf,Nonpartisan,None
Quinnipiac,2015-10-29,2015-11-02,2015-11-04T16:23:42Z,1144,Registered Voters,Live Phone,37,56,7,http://elections.huffingtonpost.com/pollster/polls/quinnipiac-23059,http://www.quinnipiac.edu/news-and-events/quinnipiac-university-poll/national/release-detail?ReleaseID=2299,Nonpartisan,None
Gallup,2015-10-19,2015-11-01,2015-11-05T17:12:03Z,7121,Adults,Live Phone,34,56,,http://elections.huffingtonpost.com/pollster/polls/gallup-23074,http://www.gallup.com/poll/186494/carson-best-liked-presidential-candidates.aspx,Nonpartisan,None
Morning Consult,2015-10-29,2015-11-01,2015-11-03T20:26:04Z,2350,Registered Voters,Internet,43,50,7,http://elections.huffingtonpost.com/pollster/polls/morning-consult-23056,http://morningconsult.com/polls/new-poll-jeb-bushs-popularity-problem-trump-down-for-second-consecutive-week/,Nonpartisan,None
NBC/WSJ,2015-10-25,2015-10-29,2015-11-03T16:49:49Z,1000,Adults,Live Phone,27,56,17,http://elections.huffingtonpost.com/pollster/polls/nbc-wsj-23052,http://msnbcmedia.msn.com/i/MSNBC/Sections/A_Politics/15463%20NBCWSJ%20Late%20October%20Poll%2011-3-15%20Release.pdf,Nonpartisan,None
YouGov/Economist,2015-10-23,2015-10-27,2015-10-28T18:31:56Z,2000,Adults,Internet,37,56,7,http://elections.huffingtonpost.com/pollster/polls/yougov-economist-23014,https://d25d2506sfb94s.cloudfront.net/cumulus_uploads/document/uobybjo8zg/econToplines.pdf,Nonpartisan,None
Morning Consult,2015-10-22,2015-10-25,2015-10-26T21:12:38Z,1689,Registered Voters,Internet,44,49,8,http://elections.huffingtonpost.com/pollster/polls/morning-consult-22994,http://morningconsult.com/wp-content/uploads/2015/10/151006_topline_trend_v2_AP.pdf,Nonpartisan,None
Morning Consult,2015-10-15,2015-10-19,2015-10-20T17:31:31Z,2017,Registered Voters,Internet,41,52,7,http://elections.huffingtonpost.com/pollster/polls/morning-consult-22950,http://morningconsult.com/wp-content/uploads/2015/10/151005_topline_trend_v2_TS.pdf,Nonpartisan,None
NBC/WSJ,2015-10-15,2015-10-18,2015-10-19T21:14:25Z,1000,Adults,Live Phone,30,53,17,http://elections.huffingtonpost.com/pollster/polls/nbc-wsj-22940,http://www.scribd.com/doc/286132150/15462-NBCWSJ-Oct-Poll-Final,Nonpartisan,None
Emerson College Polling Society,2015-10-16,2015-10-17,2015-10-20T18:55:01Z,783,Registered Voters,Automated Phone,40,53,7,http://elections.huffingtonpost.com/pollster/polls/emerson-college-polling-society-22951,http://big.assets.huffingtonpost.com/ECPS_POTUS_10.19.pdf,Nonpartisan,None
YouGov/Economist,2015-10-08,2015-10-12,2015-10-14T21:33:18Z,2000,Adults,Internet,38,55,7,http://elections.huffingtonpost.com/pollster/polls/yougov-economist-22920,https://d25d2506sfb94s.cloudfront.net/cumulus_uploads/document/oxhxk3fmq5/econTabReport.pdf,Nonpartisan,None
Morning Consult,2015-10-08,2015-10-12,2015-10-13T15:48:47Z,2002,Registered Voters,Internet,42,50,8,http://elections.huffingtonpost.com/pollster/polls/morning-consult-22902,http://morningconsult.com/2015/10/ahead-of-debate-clinton-lead-grows/,Nonpartisan,None
CBS,2015-10-04,2015-10-08,2015-10-12T16:20:35Z,1038,Registered Voters,Live Phone,28,53,20,http://elections.huffingtonpost.com/pollster/polls/cbs-22890,http://www.scribd.com/doc/284426064/CBS-News-poll-2016-Republican-presidential-campaign,Nonpartisan,None
Morning Consult,2015-10-02,2015-10-05,2015-10-06T21:34:11Z,1983,Registered Voters,Internet,43,50,7,http://elections.huffingtonpost.com/pollster/polls/morning-consult-22858,http://morningconsult.com/wp-content/uploads/2015/10/151001_topline_trend_v1_AP.pdf,Nonpartisan,None
Public Religion Research Institute,2015-09-11,2015-10-04,2015-11-23T17:38:53Z,2695,Adults,Live Phone,30,66,4,http://elections.huffingtonpost.com/pollster/polls/public-religion-research-institute-23215,http://big.assets.huffingtonpost.com/American-Values-Survey-2015-Topline1.pdf,Nonpartisan,None
PPP (D),2015-10-01,2015-10-04,2015-10-06T18:56:54Z,1338,Likely Voters,IVR/Online,34,56,10,http://elections.huffingtonpost.com/pollster/polls/ppp-d-22856,http://www.publicpolicypolling.com/pdf/2015/PPP_Release_NationalGOP_100615.pdf,Pollster,Dem
YouGov/Economist,2015-09-25,2015-09-29,2015-10-01T17:56:51Z,2000,Adults,Internet,35,59,6,http://elections.huffingtonpost.com/pollster/polls/yougov-economist-22829,http://d25d2506sfb94s.cloudfront.net/cumulus_uploads/document/8w1iq3dtp2/econToplines.pdf,Nonpartisan,None
Suffolk/USA Today,2015-09-24,2015-09-28,2015-09-30T16:27:03Z,1000,Likely Voters,Live Phone,27,61,12,http://elections.huffingtonpost.com/pollster/polls/suffolk-usa-today-22822,http://www.suffolk.edu/documents/SUPRC/10_1_2015_complete_marginals.pdf,Nonpartisan,None
ABC/Post,2015-09-23,2015-09-27,2015-09-30T16:08:02Z,1000,Adults,Live Phone,35,60,5,http://elections.huffingtonpost.com/pollster/polls/abc-post-22821,http://www.washingtonpost.com/politics/polling/washington-postabc-news-poll-sept-2327/2015/09/30/6bab808a-6762-11e5-bdb6-6861f4521205_page.html,Nonpartisan,None
Morning Consult,2015-09-24,2015-09-27,2015-09-29T19:48:50Z,1543,Registered Voters,Internet,41,53,7,http://elections.huffingtonpost.com/pollster/polls/morning-consult-22814,http://morningconsult.com/wp-content/uploads/2015/09/150908_topline_trend_v1_JW.pdf,Nonpartisan,None
NBC/WSJ,2015-09-20,2015-09-24,2015-09-29T17:53:01Z,1000,Adults,Live Phone,25,58,17,http://elections.huffingtonpost.com/pollster/polls/nbc-wsj-22808,http://msnbcmedia.msn.com/i/MSNBC/Sections/A_Politics/15398%20NBCWSJ%20September%20Poll%20(2).pdf,Nonpartisan,None
FOX,2015-09-20,2015-09-22,2015-09-28T17:37:40Z,1013,Registered Voters,Live Phone,34,59,7,http://elections.huffingtonpost.com/pollster/polls/fox-22805,http://www.foxnews.com/politics/interactive/2015/09/25/fox-news-poll-clinton-and-carson-favorability-ratings/,Nonpartisan,None
Bloomberg/Selzer,2015-09-18,2015-09-21,2015-09-24T22:08:04Z,1001,Adults,Live Phone,31,61,9,http://elections.huffingtonpost.com/pollster/polls/bloomberg-selzer-22787,http://www.bloomberg.com/politics/articles/2015-09-24/most-agree-with-trump-on-america-s-lost-greatness-bloomberg-poll-finds,Nonpartisan,None
Quinnipiac,2015-09-17,2015-09-21,2015-09-24T22:15:01Z,787,Registered Voters,Live Phone,36,57,7,http://elections.huffingtonpost.com/pollster/polls/quinnipiac-22788,http://www.quinnipiac.edu/images/polling/us/us09242015_ui47mfb.pdf,Nonpartisan,None
Morning Consult,2015-09-18,2015-09-20,2015-09-22T18:00:14Z,4033,Registered Voters,Internet,41,52,6,http://elections.huffingtonpost.com/pollster/polls/morning-consult-22772,http://morningconsult.com/wp-content/uploads/2015/09/150907_topline_MERGED-trend_v2_KD.pdf,Nonpartisan,None
CNN,2015-09-17,2015-09-19,2015-09-21T19:19:45Z,1006,Adults,Live Phone,31,59,10,http://elections.huffingtonpost.com/pollster/polls/cnn-22761,http://i2.cdn.turner.com/cnn/2015/images/09/20/rel10a.pdf,Nonpartisan,None
YouGov/Economist,2015-09-11,2015-09-15,2015-09-18T19:51:56Z,2000,Adults,Internet,39,53,7,http://elections.huffingtonpost.com/pollster/polls/yougov-economist-22749,https://d25d2506sfb94s.cloudfront.net/cumulus_uploads/document/lq8iyjss0l/econToplines_v1.pdf,Nonpartisan,None
Morning Consult,2015-09-11,2015-09-13,2015-09-18T21:11:34Z,2023,Registered Voters,Internet,40,53,8,http://elections.huffingtonpost.com/pollster/polls/morning-consult-22752,http://morningconsult.com/wp-content/uploads/2015/09/150904_topline_trend_v1_JW.pdf,Nonpartisan,None
MSNBC/Telemundo/Marist,2015-08-26,2015-09-09,2015-09-21T20:38:43Z,1689,Adults,Live Phone,29,55,17,http://elections.huffingtonpost.com/pollster/polls/msnbc-telemundo-marist-22763,http://maristpoll.marist.edu/wp-content/misc/usapolls/us150826/2016/MSNBC_Telemundo_Marist%20Poll_National%20Release%20and%20Tables_September%202015.pdf,Nonpartisan,None
Emerson College Polling Society,2015-09-05,2015-09-08,2015-09-10T18:55:35Z,955,Likely Voters,Automated Phone,40,50,9,http://elections.huffingtonpost.com/pollster/polls/emerson-college-polling-society-22699,http://media.wix.com/ugd/3bebb2_539dbddeed944868b6fc58b193873b4b.pdf,Nonpartisan,None
Morning Consult,2015-09-04,2015-09-07,2015-09-11T01:39:52Z,2008,Registered Voters,Internet,42,53,5,http://elections.huffingtonpost.com/pollster/polls/morning-consult-22703,http://morningconsult.com/wp-content/uploads/2015/09/150902_crosstabs_trend_v2_JW.pdf,Nonpartisan,None
YouGov/Economist,2015-08-28,2015-09-01,2015-09-04T00:34:09Z,2000,Adults,Internet,39,54,6,http://elections.huffingtonpost.com/pollster/polls/yougov-economist-22659,https://d25d2506sfb94s.cloudfront.net/cumulus_uploads/document/k24hv9t9fv/econTabReport.pdf,Nonpartisan,None
ABC/Post,2015-08-26,2015-08-30,2015-09-02T18:33:55Z,1005,Adults,Live Phone,37,59,4,http://elections.huffingtonpost.com/pollster/polls/abc-post-22650,http://apps.washingtonpost.com/g/page/politics/washington-post-abc-news-poll-august-26-30-2015/1811/,Nonpartisan,None
Morning Consult,2015-08-28,2015-08-30,2015-09-01T01:22:28Z,2015,Registered Voters,Internet,42,52,6,http://elections.huffingtonpost.com/pollster/polls/morning-consult-22640,http://morningconsult.com/wp-content/uploads/2015/08/150805_topline_trend_v2_JW.pdf,Nonpartisan,None
PPP (D),2015-08-28,2015-08-30,2015-09-03T20:26:01Z,1254,Likely Voters,IVR/Online,35,53,12,http://elections.huffingtonpost.com/pollster/polls/ppp-d-22654,http://www.publicpolicypolling.com/pdf/2015/PPP_Release_National_90315.pdf,Pollster,Dem
Quinnipiac,2015-08-20,2015-08-25,2015-08-27T21:51:28Z,1563,Registered Voters,Live Phone,36,54,10,http://elections.huffingtonpost.com/pollster/polls/quinnipiac-22621,http://www.quinnipiac.edu/news-and-events/quinnipiac-university-poll/national/release-detail?ReleaseID=2274,Nonpartisan,None
YouGov/Economist,2015-08-14,2015-08-18,2015-08-24T22:05:33Z,2000,Adults,Internet,38,54,8,http://elections.huffingtonpost.com/pollster/polls/yougov-economist-22602,https://d25d2506sfb94s.cloudfront.net/cumulus_uploads/document/zvg9hui4lt/econToplines.pdf,Nonpartisan,None
CNN,2015-08-13,2015-08-16,2015-08-18T18:08:54Z,1001,Adults,Live Phone,36,59,4,http://elections.huffingtonpost.com/pollster/polls/cnn-22572,http://i2.cdn.turner.com/cnn/2015/images/08/17/rel8a.-.gop.2016.pdf,Nonpartisan,None
YouGov/Economist,2015-08-08,2015-08-10,2015-08-12T01:47:42Z,1000,Adults,Internet,32,59,9,http://elections.huffingtonpost.com/pollster/polls/yougov-economist-22545,https://d25d2506sfb94s.cloudfront.net/cumulus_uploads/document/ykesdk07ow/toplines_OPI_Debate_20150811.pdf,Nonpartisan,None
Morning Consult,2015-08-07,2015-08-09,2015-08-10T21:38:34Z,2029,Registered Voters,Internet,39,53,9,http://elections.huffingtonpost.com/pollster/polls/morning-consult-22526,http://big.assets.huffingtonpost.com/150802_topline_trend_v4_KD.pdf,Nonpartisan,None
YouGov/Economist,2015-07-31,2015-08-04,2015-08-08T00:04:51Z,2000,Adults,Internet,36,55,8,http://elections.huffingtonpost.com/pollster/polls/yougov-economist-22517,https://d25d2506sfb94s.cloudfront.net/cumulus_uploads/document/shw46tymfa/econToplines.pdf,Nonpartisan,None
Morning Consult,2015-07-31,2015-08-03,2015-08-05T01:23:17Z,2069,Registered Voters,Internet,36,52,11,http://elections.huffingtonpost.com/pollster/polls/morning-consult-22487,http://big.assets.huffingtonpost.com/150706_crosstabs_trend_v1_JW.pdf,Nonpartisan,None
CBS,2015-07-29,2015-08-02,2015-08-04T21:07:00Z,1047,Registered Voters,Live Phone,27,59,14,http://elections.huffingtonpost.com/pollster/polls/cbs-22477,http://www.scribd.com/doc/273490309/CBS-News-GOP-presidential-candidates-poll,Nonpartisan,None
NBC/WSJ,2015-07-26,2015-07-30,2015-08-04T23:02:18Z,1000,Adults,Live Phone,26,56,18,http://elections.huffingtonpost.com/pollster/polls/nbc-wsj-22480,http://msnbcmedia.msn.com/i/MSNBC/Components/Photo/_new/15313JulyNBCWSJPOLL.pdf,Nonpartisan,None
Quinnipiac,2015-07-23,2015-07-28,2015-08-04T00:57:21Z,1644,Registered Voters,Live Phone,27,59,15,http://elections.huffingtonpost.com/pollster/polls/quinnipiac-22468,http://www.quinnipiac.edu/news-and-events/quinnipiac-university-poll/national/release-detail?ReleaseID=2264,Nonpartisan,None
Emerson College Polling Society,2015-07-26,2015-07-28,2015-08-11T20:17:22Z,1238,Likely Voters,Automated Phone,31,56,14,http://elections.huffingtonpost.com/pollster/polls/emerson-college-polling-society-22537,http://media.wix.com/ugd/3bebb2_6f8188f5b1ac4e45bd6a2bd76268e55a.pdf,Nonpartisan,None
CNN,2015-07-22,2015-07-25,2015-07-27T22:01:00Z,1017,Adults,Live Phone,33,58,9,http://elections.huffingtonpost.com/pollster/polls/cnn-22434,http://www.cnn.com/2015/07/26/politics/cnn-orc-data/index.html,Nonpartisan,None
YouGov/Economist,2015-07-20,2015-07-22,2015-07-24T20:15:58Z,1000,Adults,Internet,34,60,6,http://elections.huffingtonpost.com/pollster/polls/yougov-economist-22428,https://today.yougov.com/news/2015/07/24/trumps-support-remains-high-mccain-controversy/?utm_content=buffera4732&utm_medium=social&utm_source=twitter.com&utm_campaign=buffer,Nonpartisan,None
Gallup,2015-07-08,2015-07-21,2015-07-27T22:49:19Z,2374,Adults,Live Phone,32,56,13,http://elections.huffingtonpost.com/pollster/polls/gallup-22435,http://www.gallup.com/poll/184346/sanders-surges-clinton-sags-favorability.aspx,Nonpartisan,None
PPP (D),2015-07-20,2015-07-21,2015-07-23T17:55:26Z,1087,Likely Voters,IVR/Online,29,60,11,http://elections.huffingtonpost.com/pollster/polls/ppp-d-22415,http://www.publicpolicypolling.com/pdf/2015/PPP_Release_National_72215.pdf,Pollster,Dem
YouGov/Economist,2015-07-18,2015-07-20,2015-07-24T21:26:18Z,1000,Adults,Internet,33,60,7,http://elections.huffingtonpost.com/pollster/polls/yougov-economist-22429,https://d25d2506sfb94s.cloudfront.net/cumulus_uploads/document/3k13yqulyj/econToplines.pdf,Nonpartisan,None
YouGov/Economist,2015-07-11,2015-07-13,2015-07-21T00:44:16Z,1000,Adults,Internet,34,56,11,http://elections.huffingtonpost.com/pollster/polls/yougov-economist-22399,https://d25d2506sfb94s.cloudfront.net/cumulus_uploads/document/k725t67g2r/econToplines.pdf,Nonpartisan,None
AP-GfK (web),2015-07-09,2015-07-13,2015-07-17T01:00:52Z,1004,Adults,Internet,28,58,14,http://elections.huffingtonpost.com/pollster/polls/ap-gfk-web-22385,http://ap-gfkpoll.com/main/wp-content/uploads/2015/07/AP-GfK_Poll_July_2015-Topline_Clinton.pdf,Nonpartisan,None
ABC/Post,2015-07-08,2015-07-12,2015-07-17T00:37:14Z,1001,Adults,Live Phone,33,61,6,http://elections.huffingtonpost.com/pollster/polls/abc-post-22384,http://apps.washingtonpost.com/g/page/politics/washington-post-abc-news-poll-july-8-12-2015/1772/,Nonpartisan,None
Gallup,2015-07-08,2015-07-12,2015-07-22T01:27:21Z,1009,Adults,Live Phone,31,57,12,http://elections.huffingtonpost.com/pollster/polls/gallup-22408,http://www.gallup.com/poll/184115/1999-not-trump-serious-candidate.aspx,Nonpartisan,None
Suffolk/USA Today,2015-07-09,2015-07-12,2015-07-16T00:19:28Z,1000,Likely Voters,Live Phone,23,61,17,http://elections.huffingtonpost.com/pollster/polls/suffolk-usa-today-22380,http://www.suffolk.edu/documents/SUPRC/7_15_2015_marginals.pdf,Nonpartisan,None
YouGov/Economist,2015-06-27,2015-06-29,2015-07-08T21:18:39Z,1000,Adults,Internet,30,60,9,http://elections.huffingtonpost.com/pollster/polls/yougov-economist-22351,https://d25d2506sfb94s.cloudfront.net/cumulus_uploads/document/n374n92qq2/econToplines.pdf,Nonpartisan,None
YouGov/Economist,2015-06-20,2015-06-22,2015-06-26T01:02:40Z,1000,Adults,Internet,32,60,8,http://elections.huffingtonpost.com/pollster/polls/yougov-economist-22307,https://d25d2506sfb94s.cloudfront.net/cumulus_uploads/document/3mzoa6wjyu/econToplines.pdf,Nonpartisan,None
ABC/Post,2015-05-28,2015-05-31,2015-06-02T20:49:13Z,1001,Adults,Live Phone,16,71,13,http://elections.huffingtonpost.com/pollster/polls/abc-post-22200,http://apps.washingtonpost.com/g/page/politics/washington-post-abc-news-poll-may-28-31-2015/1718/,Nonpartisan,None
Quinnipiac,2015-05-19,2015-05-26,2015-05-28T21:52:59Z,856,Registered Voters,Live Phone,20,69,11,http://elections.huffingtonpost.com/pollster/polls/quinnipiac-22181,http://www.quinnipiac.edu/images/polling/us/us05282015_U32trdf.pdf,Nonpartisan,None
